unique_id,metric,Grasynda(3),Grasynda(5),Grasynda(7),Grasynda(10),Grasynda(15),Grasynda(20),Grasynda(25),Grasynda(50),Grasynda(75),Grasynda(100),Original
ID0,mase,0.64080316,0.5676076,0.5294986,0.50177294,0.6434703,0.57680255,0.5685762,0.56616575,0.61053026,0.5161046,0.48192587
ID1,mase,0.9722087,0.74576485,0.8091134,0.81715876,0.99799085,1.0768613,0.7919649,0.8394022,0.8857172,0.82535976,0.9273983
ID10,mase,1.5300608,1.4984561,1.5121832,1.5226792,1.4678353,1.5714455,1.4608463,1.5170146,1.4407896,1.5018431,1.4586909
ID101,mase,1.3380843,1.200771,1.2538403,1.212372,1.1684726,1.2345419,1.3361123,1.3147296,1.2305799,1.3090832,1.2280293
ID102,mase,0.4417342,0.5078029,0.5073493,0.47881687,0.5031006,0.47264352,0.463902,0.40068674,0.47580454,0.41272786,0.48997512
ID103,mase,0.454618,0.53355116,0.4778642,0.5415039,0.5959731,0.50321317,0.6028372,0.42934182,0.5664931,0.64333284,0.48689973
ID104,mase,0.34415525,0.4190952,0.37882566,0.36601508,0.35531956,0.3368369,0.39137903,0.4339568,0.38596028,0.40361282,0.42053437
ID105,mase,0.22820419,0.26780927,0.25201085,0.3852173,0.2517042,0.23457286,0.2859367,0.30681354,0.2100383,0.25499088,0.19142617
ID107,mase,1.4552175,1.4532021,1.4369144,1.449289,1.420366,1.461084,1.4660251,1.433262,1.410323,1.3851999,1.3383306
ID108,mase,0.9885892,1.0628939,0.8876713,0.9859488,0.8406275,0.8733828,0.76357883,0.729239,0.86926734,0.8435888,0.924385
ID109,mase,4.5830746,4.6890283,4.5435677,4.4898367,4.671789,4.453152,4.5538306,4.4649653,4.496731,4.484751,4.472593
ID110,mase,0.32516372,0.334217,0.36250815,0.2754067,0.33961192,0.27733973,0.2631619,0.33396187,0.14371423,0.19021499,0.16520423
ID111,mase,0.497666,0.5843912,0.5197485,0.5191252,0.53845423,0.5561778,0.53002053,0.5241676,0.51777023,0.5257212,0.5175032
ID112,mase,0.30363664,0.31790227,0.27398,0.3192616,0.4189955,0.30645826,0.3037934,0.3596589,0.34144384,0.3743811,0.45964277
ID113,mase,0.81087184,0.86361206,0.82156664,0.8789925,0.70991665,0.8129314,0.8322711,0.83891356,0.8304723,0.83262813,0.78736407
ID114,mase,1.4868354,1.280079,1.3969884,1.2513973,1.5552672,1.6669436,1.5231528,1.4144253,1.4005661,1.5180624,1.4218739
ID115,mase,1.0806692,1.1473618,1.3001022,1.328187,1.5419171,1.2105796,1.5256058,1.2326107,1.3107214,1.6771618,1.4929014
ID116,mase,0.15481922,0.15163548,0.13681436,0.15196884,0.15103003,0.15605281,0.15295184,0.14922161,0.16603711,0.13547306,0.14365008
ID117,mase,0.2707918,0.26881114,0.27845535,0.27773598,0.267156,0.26869062,0.2734947,0.28326702,0.27810612,0.27818012,0.2563748
ID118,mase,0.21715708,0.21154794,0.20763728,0.21153827,0.20573315,0.21925315,0.22898023,0.19639158,0.19560283,0.19875379,0.1924809
ID119,mase,0.8074297,0.7706025,0.812984,0.812136,0.8114351,0.83224666,0.79452026,0.8056564,0.78915364,0.83879066,0.7444443
ID12,mase,0.047586694,0.04366473,0.047679976,0.056929763,0.050300207,0.048229538,0.051991343,0.052143354,0.05117576,0.04690856,0.055468127
ID120,mase,0.38808557,0.3498297,0.39554465,0.34900466,0.23844196,0.3365938,0.34797436,0.3149174,0.29320607,0.29082862,0.17233357
ID121,mase,0.41594356,0.41981786,0.42739385,0.40736547,0.4174076,0.40686378,0.4203692,0.41056672,0.41950992,0.40258715,0.4116843
ID122,mase,0.36234295,0.37619725,0.36756337,0.37179992,0.34997165,0.3602406,0.35120472,0.3551921,0.36445087,0.3376975,0.4021872
ID123,mase,0.69540495,0.6784827,0.68206084,0.68073475,0.6387655,0.6823323,0.696625,0.6621132,0.6298096,0.6371115,0.5818038
ID124,mase,0.33250207,0.27061525,0.31207544,0.2760486,0.30165935,0.2741555,0.310356,0.29296407,0.32481462,0.28171712,0.29804116
ID125,mase,0.84063166,0.60766363,0.6237114,0.8403994,0.30733278,0.5050177,0.4521628,0.38527125,0.77619386,0.50018,0.5993902
ID126,mase,1.5096275,1.5535729,1.500299,1.4520048,1.3921896,1.4485431,1.4876184,1.4688809,1.489764,1.4111602,1.466606
ID127,mase,0.39262006,0.3630519,0.3733833,0.36706883,0.35801476,0.36409545,0.38940224,0.38703248,0.37313253,0.37509423,0.38780823
ID128,mase,0.06363382,0.059229553,0.06802432,0.06829322,0.049172882,0.06402294,0.063178614,0.06366135,0.06502053,0.06510497,0.021925893
ID129,mase,0.41270286,0.4358657,0.40155938,0.42042443,0.44095758,0.45002908,0.4485071,0.4173597,0.42790383,0.40370145,0.3834274
ID13,mase,1.1436011,1.1514114,1.1087841,1.2223552,1.1066294,1.167321,1.2118086,1.2188993,1.1463585,1.1668714,1.3119686
ID130,mase,0.20826516,0.19213516,0.2039282,0.19275554,0.18437712,0.17807838,0.19384894,0.2114332,0.2076117,0.19280657,0.16128631
ID131,mase,0.020738753,0.014360187,0.018743346,0.015181139,0.008552663,0.0088414205,0.013416221,0.020118505,0.02043575,0.013927698,0.013266016
ID132,mase,0.1401018,0.13010645,0.13301829,0.14258039,0.11824891,0.14236201,0.11367568,0.12926108,0.11107968,0.11825361,0.13877739
ID133,mase,0.71888876,0.8118712,0.7219951,0.7682683,0.8024118,0.73647326,0.733904,0.7614886,0.7758751,0.70743275,0.66198105
ID134,mase,1.767413,1.7108574,1.7581493,1.7193937,1.5770832,1.6984583,1.7158319,1.671871,1.6180935,1.6266447,1.4745136
ID135,mase,0.046811216,0.004970858,0.049913052,0.06525193,0.00603825,0.08419814,0.0735226,0.06317572,0.014601793,0.01844614,0.032015797
ID136,mase,0.49302644,0.5937087,0.5843603,0.5393178,0.51246303,0.56445026,0.5062899,0.5491089,0.48427525,0.61388415,0.5614018
ID137,mase,1.0028594,1.032898,1.0700108,1.0614097,0.95640105,1.1440107,1.150889,1.1083524,1.0453736,1.0663795,1.0056622
ID138,mase,0.33850628,0.32431084,0.33411902,0.32335874,0.3220357,0.30786768,0.32918864,0.34514815,0.34168783,0.3263727,0.29718128
ID139,mase,1.5235685,1.5516968,1.5146805,1.4656767,1.548566,1.536839,1.509242,1.5024282,1.4980779,1.5050167,1.4734617
ID14,mase,0.72999084,0.8227806,0.7799873,0.755852,0.8071178,0.7727998,0.7951538,0.81668,0.7617409,0.84171975,0.8720056
ID140,mase,2.294857,2.42922,2.5453398,2.5754437,2.4928813,2.409573,2.5484471,2.4269795,2.4371414,2.556422,2.584192
ID141,mase,2.1285613,2.302386,2.253428,2.4358983,2.3150723,2.2062693,2.3407395,2.023664,2.2748775,2.4374676,2.2347608
ID142,mase,0.21278745,0.16552801,0.24891159,0.24415879,0.25681087,0.13844885,0.11051593,0.16994347,0.18269934,0.23388375,0.30627477
ID143,mase,1.1258627,1.0757227,1.1355541,1.1315296,1.1342465,1.1533405,1.1154499,1.1301647,1.0977328,1.171023,1.0442932
ID144,mase,1.7246299,1.6932722,1.6725074,1.7259127,1.672137,1.706282,1.6733147,1.6706022,1.7421783,1.644445,1.6980711
ID145,mase,0.37567452,0.40428248,0.36595756,0.35332772,0.36547393,0.35296825,0.3704584,0.41182593,0.3569336,0.39060017,0.36924285
ID146,mase,0.48569515,0.58620346,0.5768712,0.53190655,0.5050982,0.5569956,0.4989357,0.54168075,0.4769591,0.60634404,0.5539524
ID147,mase,0.43208355,0.40852344,0.429527,0.39097607,0.42122623,0.44299453,0.44815052,0.44539765,0.4124583,0.44007063,0.4120817
ID148,mase,0.09603932,0.07673896,0.09298144,0.06793546,0.10316977,0.10208104,0.10365386,0.07976015,0.13825865,0.10486837,0.084483206
ID149,mase,0.11474318,0.11315539,0.12503102,0.12623644,0.11748448,0.13013762,0.168382,0.12720332,0.1458935,0.10608682,0.14198594
ID15,mase,1.5100689,1.4729716,1.4756953,1.5765454,1.4397136,1.5139644,1.4858279,1.4762449,1.5271735,1.4464495,1.4718622
ID150,mase,0.20523456,0.09321007,0.09141442,0.14827098,0.12789637,0.16468625,0.15314913,0.15647037,0.15164164,0.14391151,0.12697755
ID151,mase,0.23029944,0.17107496,0.16797999,0.19936667,0.20189902,0.2043471,0.19875816,0.20384145,0.20767862,0.2049347,0.19835596
ID152,mase,0.41015348,0.40098736,0.41067228,0.40628716,0.4013149,0.38655746,0.40074077,0.37711838,0.38680035,0.40360886,0.3858708
ID153,mase,0.51912504,1.1162201,0.7022295,1.4639657,0.40386182,0.20198092,0.6617297,0.8817708,0.51023895,0.5784044,1.152201
ID154,mase,0.28242397,0.43541637,0.78312236,0.6604863,0.65834856,0.44308263,0.56859446,0.40714246,0.48330003,0.7769562,0.6229447
ID155,mase,0.93410313,0.53833425,0.47049022,0.5693249,0.18843079,0.8778121,0.57953507,1.0330443,1.1015515,0.35059837,0.10791586
ID156,mase,1.5096275,1.5535729,1.500299,1.4520048,1.3921896,1.4485431,1.4876184,1.4688809,1.489764,1.4111602,1.466606
ID157,mase,1.2087337,1.1876794,1.1998991,1.2193902,1.1250608,1.2080036,1.1711342,1.1567807,1.191018,1.1214882,1.1244364
ID158,mase,1.1489441,1.1292566,1.1361504,1.1636376,1.0857435,1.1500956,1.1145511,1.1060184,1.1438429,1.0823841,1.1048509
ID159,mase,0.11392952,0.10909584,0.09530267,0.11376226,0.09588112,0.11321368,0.104579754,0.10049079,0.11173719,0.07347494,0.07839026
ID16,mase,1.6535636,1.7179983,1.6334622,1.6762446,1.7921379,1.6711836,1.7228,1.6849942,1.6561035,1.8069499,1.6858903
ID160,mase,1.1497234,1.1589476,1.1845323,1.2080482,1.1024768,1.2781842,1.2756312,1.2765958,1.1790482,1.2134893,1.1450926
ID161,mase,0.877548,0.8534765,0.83119553,0.8749772,0.8383327,0.86209786,0.8377958,0.83761114,0.89469373,0.81004715,0.8537949
ID162,mase,0.99262774,1.1767396,1.4692167,1.4277465,1.3591027,1.2045085,1.338512,1.1256254,1.2219714,1.4901243,1.3645533
ID163,mase,1.279988,1.4288806,1.569133,1.5444425,1.550056,1.3540236,1.4376886,1.4189217,1.3496494,1.6169689,1.5718334
ID164,mase,2.7461987,2.7287948,2.8137639,2.7830312,2.7484818,2.7915225,2.8408535,2.7255118,2.7810898,2.6376925,2.6564827
ID165,mase,0.3312457,0.3572436,0.34713545,0.33390284,0.33713984,0.34987295,0.37417138,0.38939998,0.3403707,0.3253739,0.38500538
ID166,mase,1.9554935,2.0647883,2.010662,2.0372784,2.0426457,2.0413787,1.9187139,1.9717888,2.0221806,1.9993731,2.0042717
ID167,mase,1.8651991,1.8560227,1.8608203,1.8535264,1.8507215,1.8466861,1.8646328,1.864411,1.8535119,1.8550774,1.8745106
ID168,mase,0.19101277,0.2216146,0.21445058,0.22172636,0.22507624,0.21502656,0.19001842,0.20024003,0.2130235,0.2054411,0.20838408
ID17,mase,1.4271817,1.4566876,1.4418386,1.4463176,1.46271,1.4581949,1.4389039,1.4302883,1.4434973,1.442297,1.4243833
ID173,mase,0.3729191,0.36660638,0.359904,0.35460687,0.36665452,0.34941897,0.37072784,0.35254022,0.36542082,0.3545457,0.37229952
ID174,mase,0.17555568,0.19329725,0.17728849,0.19174682,0.18551505,0.17686461,0.18854497,0.18597758,0.19390078,0.18904252,0.18901388
ID175,mase,0.25004077,0.23468384,0.23871045,0.23834658,0.24776915,0.25378966,0.2464299,0.238805,0.24286336,0.24621849,0.24174526
ID176,mase,2.745467,2.6252642,2.7237587,2.7987099,2.7136831,2.8434842,2.6225932,2.784544,2.6950152,2.5666988,2.607269
ID177,mase,0.3716289,0.37440774,0.4063239,0.40982717,0.34551525,0.4342609,0.42348176,0.3816346,0.38310313,0.3606365,0.34316364
ID178,mase,0.045738243,0.032148384,0.055042014,0.06353068,0.06779136,0.024816105,0.047753304,0.079273574,0.064558186,0.07321023,0.099533096
ID179,mase,0.13493268,0.123356104,0.16004315,0.07452611,0.136548,0.15629092,0.12081809,0.12679288,0.122267604,0.17211688,0.100799784
ID18,mase,1.2908205,1.2534721,1.2824502,1.2669541,1.2937661,1.3264041,1.3021922,1.2828232,1.2828673,1.2862924,1.2768211
ID180,mase,0.086631514,0.12969323,0.11230515,0.20779659,0.16023013,0.22533494,0.17725103,0.14828315,0.090680934,0.20691195,0.068779774
ID181,mase,1.8394299,1.7734022,1.9288538,2.117657,1.919825,1.830039,2.0387068,2.064929,1.9539629,1.7227547,2.1171236
ID182,mase,0.1320505,0.22662027,0.17749505,0.23926881,0.09596996,0.24933153,0.14362621,0.19867133,0.13289641,0.3263383,0.2029517
ID183,mase,0.31637558,0.38483274,0.33447513,0.31046757,0.31510243,0.300361,0.32800922,0.35215625,0.3314961,0.16506676,0.26513466
ID184,mase,0.80964226,0.29486296,0.47474808,0.47095037,0.42878866,0.86767566,0.7487385,0.8896781,0.67810416,0.7296897,0.5232643
ID185,mase,1.2931165,1.3029245,1.3961165,1.7403284,1.4867692,1.2390548,1.5395701,1.5319549,1.3804373,1.3654414,1.5910963
ID186,mase,0.29802597,0.24334772,0.25133678,0.23140772,0.23736954,0.25704247,0.24725778,0.22276197,0.2503722,0.22111893,0.26817322
ID187,mase,1.050293,0.8712108,0.99332905,1.1425269,0.81837416,0.8561774,0.62928635,1.2078747,0.76736355,0.7885023,1.0209078
ID188,mase,3.6809335,3.8915193,3.695671,4.1239295,3.7712162,3.3719716,3.7823768,3.821262,3.7586834,3.6313627,4.110903
ID189,mase,0.14539249,0.12312719,0.1635312,0.11402536,0.12566848,0.1258569,0.13676749,0.14251304,0.12079599,0.13135919,0.10508938
ID19,mase,0.5759956,0.54233605,0.55711335,0.54209334,0.5477763,0.5532056,0.5492517,0.56394553,0.56744736,0.54549724,0.5901375
ID192,mase,3.464451,2.866581,2.7081594,2.8440871,2.8510373,2.6009712,2.886372,3.058308,2.5868533,2.5422318,2.637912
ID193,mase,3.0251887,2.7521791,2.9147398,3.0009763,2.6178145,2.8636105,2.9127557,2.8410425,2.9525073,2.600291,2.8110836
ID194,mase,0.7231301,0.6445193,0.80563474,0.8150202,0.69022363,0.90006536,0.74954,0.80301905,0.6570801,0.675066,0.6864657
ID195,mase,2.4799623,2.461366,2.4386747,2.4810123,2.4649296,2.473212,2.47693,2.4863055,2.493618,2.4596553,2.527908
ID196,mase,0.6573272,0.5186575,0.4590741,0.4847963,0.55771184,0.56915885,0.5755977,0.50379515,0.4872687,0.49773073,0.57011634
ID197,mase,0.14177628,0.12945557,0.1426508,0.1315424,0.12304954,0.12129516,0.13180943,0.14723834,0.13527144,0.13074264,0.10253372
ID198,mase,0.5881714,0.6002255,0.58714193,0.56366074,0.6087042,0.5682801,0.566275,0.57682526,0.594724,0.60023093,0.6131133
ID199,mase,2.6951258,2.4004848,2.6851537,2.7862675,2.8344457,2.7237406,2.6272016,2.7337976,2.4679909,2.6596606,2.5058815
ID2,mase,1.2684314,1.1661001,1.062742,1.3572506,1.6020142,1.1944652,1.8398978,1.3985944,1.4298686,1.4363317,1.6587698
ID20,mase,2.0709484,2.0511572,2.0699165,2.088871,2.0610032,2.101406,2.0357327,2.0549977,2.0623095,2.0116646,2.022222
ID200,mase,1.7744703,1.7642936,1.684554,1.6905458,1.9073658,1.6273302,1.6475183,1.760558,1.7464219,1.8047317,1.8543265
ID201,mase,0.9910935,0.9771269,0.9860881,0.9935766,0.9309026,0.98758304,0.9666195,0.9549943,0.97135013,0.9273512,0.91514236
ID202,mase,0.26180127,0.36911225,0.21410477,0.25720584,0.29271472,0.21969134,0.2997601,0.23334415,0.22931278,0.28507537,0.27790645
ID21,mase,0.19394068,0.2706139,0.25854558,0.31361684,0.22566737,0.22496979,0.23051804,0.3308545,0.29216865,0.32172197,0.38246375
ID22,mase,3.5252054,3.4843316,3.3992498,3.5085676,3.4615502,3.5051613,3.4657764,3.4590464,3.5842175,3.3626387,3.4511774
ID23,mase,1.3799711,1.3294814,1.2039752,1.3540437,1.330202,1.1549833,1.3037989,1.4390384,1.245697,1.2606894,1.3392891
ID24,mase,1.3022742,1.2688774,1.2042779,1.2010196,1.3613881,1.3240716,1.2535672,1.2479354,1.311166,1.2233111,1.2339393
ID25,mase,1.1722763,1.1422132,1.0840623,1.0811293,1.2254891,1.1918977,1.1284313,1.1233617,1.1802804,1.1011955,1.1107627
ID26,mase,1.1891572,1.2464997,1.279832,1.117862,1.1488515,1.1316739,1.1644892,1.212201,1.2245883,1.2626611,0.81697553
ID28,mase,2.5102313,2.8781426,2.7134562,2.4940088,2.3886013,2.629842,2.497217,2.7333088,2.4941146,2.7894347,2.466436
ID29,mase,1.2701008,1.2661475,1.3416904,1.3181156,1.2841238,1.2805538,1.2815766,1.2796743,1.2930322,1.2571537,1.3276496
ID3,mase,4.076205,3.8833523,3.970873,4.179499,4.1786256,4.1010184,4.0913982,4.1097107,3.9962447,3.979715,4.1357827
ID30,mase,2.2784557,2.2044792,2.2964423,2.2451084,2.2489104,2.24339,2.317138,2.2215207,2.3285334,2.2659137,2.2282884
ID31,mase,0.8373156,0.821114,0.8275941,0.7732701,0.87289023,0.808971,0.7942233,0.7677318,0.82737,0.8028203,0.680955
ID32,mase,1.1597335,1.2051651,1.1414709,1.0766193,1.1913223,1.138858,1.1673074,1.1494042,1.1887143,1.1594503,1.1206653
ID33,mase,2.3661656,2.5245314,2.3634226,2.2202182,2.6719036,2.386401,2.643241,2.2467651,2.5090508,2.3680892,2.68875
ID34,mase,0.24663976,0.3305868,0.17837591,0.5960408,0.53871197,0.161767,0.5088804,0.3644707,0.17065872,0.2525007,0.30151215
ID35,mase,0.85685426,0.84278566,0.7753422,0.7048609,0.6763581,0.81204355,0.6811143,0.8283674,0.8076541,0.6208834,0.6665955
ID36,mase,1.0486789,0.7410817,1.2165356,0.97039366,0.910101,1.1151036,0.91158235,1.1654904,1.1315562,0.8901253,1.0360161
ID37,mase,1.7747898,1.5674663,1.835332,1.8878107,1.9503895,1.9399709,1.88038,1.7459399,1.5929013,1.5989681,1.5007621
ID38,mase,0.43787053,0.50098306,0.47797656,0.44474298,0.49245423,0.4888113,0.5005405,0.4526046,0.5092796,0.51275444,0.4538586
ID39,mase,0.7671569,0.8530559,0.84081674,0.7848764,0.7654167,0.8003686,0.78243154,0.87398,0.7975947,0.8201782,0.7251612
ID4,mase,0.9786452,1.0002192,0.9841162,1.0000038,1.0083321,1.019764,0.9961493,0.9724902,0.9792728,0.99860704,1.04081
ID40,mase,1.2212905,1.1973603,1.1738561,1.1864821,1.1895623,1.2028462,1.1625125,1.1893585,1.1781377,1.1449646,1.2153593
ID41,mase,0.20887177,0.18013506,0.16064353,0.18620895,0.21451558,0.16559759,0.2243825,0.24233356,0.22047836,0.07109935,0.1795454
ID42,mase,1.4609467,1.4587152,1.568556,1.6143489,1.5199156,1.5332006,1.8635613,1.5772016,1.6760252,1.4043937,1.6404492
ID43,mase,0.12102099,0.17375445,0.2119487,0.3132378,0.18872018,0.0743866,0.27083406,0.12796752,0.14890054,0.14739022,0.13865034
ID44,mase,0.76472193,0.7397593,0.80849016,0.7685916,0.84946954,0.8172449,0.7812296,0.8009648,0.78266513,0.7870547,0.7881174
ID45,mase,0.1628733,0.13962959,0.14904736,0.15453506,0.120375656,0.14075346,0.14671963,0.14111494,0.13259716,0.13456343,0.12922205
ID46,mase,2.5410116,2.352663,2.2779512,2.3211327,2.0038278,2.5115557,2.3923366,2.651273,2.703215,2.1967282,1.9225608
ID47,mase,0.7926137,0.86857146,0.934663,0.9618709,0.89473194,0.8575675,0.9728182,0.87335056,0.892921,0.92159873,0.96607435
ID48,mase,0.9185835,1.0467675,0.97913146,1.1938504,1.1470999,1.0930965,1.0971568,1.0643076,0.9915327,1.2233647,1.3706267
ID49,mase,0.9897296,1.0801183,1.1616887,1.1845,1.0636327,0.9089502,1.1257042,0.918769,1.0467345,1.1042334,1.1101557
ID5,mase,0.57596636,0.54228747,0.5570979,0.5420472,0.5477464,0.55317926,0.54921496,0.5639094,0.5673975,0.5454628,0.5900696
ID50,mase,0.49440625,0.5110745,0.5093825,0.49771965,0.51579565,0.4983741,0.493927,0.5134198,0.50639004,0.5127863,0.5020294
ID51,mase,1.4424863,1.547232,1.5769093,1.574507,1.6319779,1.5816495,1.664018,1.5384481,1.5573497,1.5010588,1.5350502
ID52,mase,1.6746294,1.5353751,1.5008885,1.5122747,1.4537448,1.571176,1.4500684,1.4865077,1.4647216,1.5291387,1.4584124
ID53,mase,0.29184312,0.16485426,0.3163795,0.18177637,0.2296054,0.22983913,0.12552716,0.1906616,0.10704343,0.254011,0.13320982
ID54,mase,0.9320859,0.8802465,1.0574347,0.7507118,1.2267565,1.0775043,0.9814412,0.9422434,0.7613023,1.2061919,0.8926374
ID55,mase,3.939938,4.0043645,4.076115,4.0385685,4.0586143,4.015841,4.057942,3.967436,4.025189,4.1216073,3.9939678
ID56,mase,1.1023134,1.0508065,1.1915448,1.3498342,1.2132764,1.140554,0.9886309,1.3665321,1.229019,1.1928897,1.1799101
ID57,mase,1.6535497,1.717976,1.6334492,1.6762227,1.79212,1.6711694,1.7227808,1.6849808,1.6560929,1.8069307,1.6858721
ID58,mase,1.3426739,1.1179172,1.1599832,1.3934176,1.1796134,1.3119571,1.3730904,1.315072,1.2547265,1.3175342,0.7544865
ID59,mase,0.19394068,0.2706139,0.25854558,0.31361684,0.22566737,0.22496979,0.23051712,0.3308545,0.29216865,0.32172197,0.38246375
ID60,mase,2.348357,2.3301125,2.3785489,2.3841715,2.3430595,2.3905284,2.3608725,2.368915,2.32695,2.3369858,2.3337028
ID61,mase,0.9684595,0.96132845,1.0118206,1.0037831,0.973655,0.9882918,0.98385465,0.9794166,0.9820399,0.9656007,0.9905977
ID62,mase,0.67592084,0.7277757,0.72195065,0.8516054,0.78090477,0.88162416,0.7747113,0.71410215,0.66317004,0.8620654,0.6251092
ID63,mase,1.4549999,1.4332623,1.4129847,1.4433287,1.369961,1.3538293,1.3941525,1.3026506,1.3730321,1.4059087,1.4663398
ID64,mase,0.90916353,0.91562563,0.9310754,0.8890352,0.8674382,0.9005041,0.9243069,0.90659374,0.8972063,0.9072051,0.85820043
ID7,mase,1.5298986,1.4982747,1.5120164,1.5225093,1.4676743,1.5712672,1.4606808,1.5168366,1.4406453,1.501687,1.4585142
ID71,mase,0.14659742,0.15861249,0.16957797,0.15144762,0.15843023,0.15555592,0.15888052,0.16485536,0.13475603,0.16866133,0.15299037
ID77,mase,0.11842547,0.10854528,0.093406305,0.112861246,0.106762044,0.11255227,0.106850326,0.10483138,0.13173442,0.09070143,0.10754243
ID78,mase,0.23324217,0.13145551,0.13302334,0.207705,0.20375778,0.21900375,0.19203825,0.2140086,0.24887666,0.2313112,0.24442102
ID79,mase,0.1139018,0.11465855,0.12323349,0.117505126,0.11302737,0.11549778,0.11878983,0.112459816,0.11803309,0.1336233,0.12000744
ID8,mase,0.7231422,0.5980123,0.80558795,0.81329644,0.6368579,0.83984673,0.949304,0.80119944,0.9567468,1.1976883,0.9887334
ID80,mase,0.06674333,0.054991398,0.066528,0.055257022,0.051593285,0.04509098,0.059440218,0.072990224,0.061654806,0.056651946,0.029807342
ID81,mase,0.42783502,0.5299542,0.50848734,0.50137913,0.48671788,0.606352,0.5722415,0.4784733,0.5707698,0.52124107,0.5697803
ID82,mase,0.5067699,0.55385983,0.49528328,0.49223545,0.48504072,0.4985699,0.5063799,0.48930565,0.52830404,0.44873163,0.5895379
ID83,mase,0.74339443,0.78614974,0.71001214,0.65544724,0.7332055,0.7333445,0.7305881,0.7301645,0.71669126,0.6963614,0.82841724
ID84,mase,0.5598409,0.39859563,0.45084202,0.29042295,0.46903458,0.6391722,0.42748678,0.36177582,0.49112833,0.47688994,0.44822076
ID85,mase,3.9988065,4.0031953,4.0154896,4.009134,4.161046,3.9968927,4.133871,4.095395,4.0354776,4.2737684,3.8014839
ID86,mase,4.1466975,4.024602,4.0340056,3.9495914,3.955889,3.949225,3.9560251,3.9489012,4.007029,3.9924595,3.7984002
ID87,mase,0.5368616,0.51735145,0.5633501,0.56348366,0.54794556,0.55957764,0.5282435,0.5409657,0.528308,0.55963445,0.5184078
ID88,mase,0.5175129,0.6679722,0.7892959,0.85921735,0.7053729,0.64675885,0.77524513,0.53681713,0.68062276,0.8156693,0.72202384
ID89,mase,1.2671186,1.4453037,1.3448665,1.411424,1.1887823,1.122223,1.4669836,1.477382,1.3818765,1.3400241,1.2649345
ID9,mase,1.8111365,1.9475061,1.9869057,1.75121,1.7342936,1.9414165,2.0872204,1.9622655,1.85032,1.9783084,1.7309992
ID90,mase,0.62431306,0.62528914,0.6376885,0.6170353,0.6318935,0.64672595,0.63904256,0.6208647,0.6026229,0.6316361,0.61755943
ID99,mase,0.65205425,0.6003495,0.60617554,0.6222869,0.6054219,0.6484313,0.6473894,0.6736053,0.63687086,0.65129215,0.61580634
ID0,smape,0.31833813,0.29416287,0.28129646,0.2714171,0.31821397,0.29776707,0.29348314,0.2944118,0.30760992,0.27475727,0.26494527
ID1,smape,0.02818827,0.021757783,0.023569802,0.023799967,0.028914504,0.031117829,0.02308141,0.02443195,0.025745377,0.02402984,0.026923232
ID10,smape,0.08006017,0.0780816,0.07904281,0.07985079,0.07689293,0.08227795,0.076617,0.07939,0.07526852,0.078464374,0.07623665
ID101,smape,0.013694853,0.01227502,0.0128183905,0.0123978015,0.011940173,0.012634042,0.013675804,0.0134485345,0.012583156,0.013397142,0.0125804925
ID102,smape,0.009861878,0.011385075,0.011356468,0.01069859,0.011259796,0.010571594,0.010372353,0.008942408,0.010636026,0.00919863,0.010953248
ID103,smape,0.015564472,0.018261882,0.016369937,0.01848549,0.020172622,0.017116707,0.020427462,0.014734753,0.019259324,0.021749716,0.01667809
ID104,smape,0.009104491,0.011038963,0.010020742,0.009764731,0.009397445,0.008897537,0.010399513,0.0114780255,0.010287736,0.010718624,0.010946076
ID105,smape,0.0054565994,0.006514665,0.006106549,0.0093700085,0.006018004,0.0056501306,0.006926212,0.0074469186,0.0050383867,0.0061510303,0.0045912815
ID107,smape,0.029443532,0.029399764,0.029088624,0.02933181,0.02874728,0.029556595,0.029654698,0.029017363,0.028562693,0.028069643,0.027117362
ID108,smape,0.049231514,0.052386686,0.04428765,0.049069665,0.042175636,0.04378278,0.038511693,0.036968634,0.04362824,0.04241409,0.04626154
ID109,smape,0.31291005,0.3147461,0.30999887,0.30883357,0.31504402,0.30747908,0.31077778,0.3083363,0.3090262,0.30825168,0.30814064
ID110,smape,0.021019468,0.020564422,0.02078482,0.017902741,0.021303974,0.017722711,0.01633722,0.021515356,0.009489606,0.011059513,0.010327719
ID111,smape,0.018069185,0.021413697,0.018892858,0.018847415,0.01964867,0.02032238,0.01936257,0.019117245,0.0188438,0.019149074,0.018820178
ID112,smape,0.0061468435,0.006437923,0.0055437027,0.0064648837,0.008500801,0.0062041148,0.0061516385,0.007283449,0.0069117593,0.007587032,0.0093356725
ID113,smape,0.0756184,0.08068333,0.07655499,0.08235225,0.06559153,0.07560608,0.07764951,0.07820588,0.077403724,0.077546015,0.07316707
ID114,smape,0.057619624,0.049345337,0.054015137,0.048095565,0.06062525,0.06525054,0.059277743,0.055154588,0.054326884,0.059119433,0.0549851
ID115,smape,0.02134924,0.022620477,0.025587285,0.026098344,0.030165404,0.02382503,0.029907566,0.024266496,0.025755208,0.032788984,0.029212996
ID116,smape,0.0031319624,0.003067778,0.0027689734,0.0030747568,0.003053931,0.0031566815,0.003094424,0.0030184807,0.0033583436,0.0027416996,0.0029031155
ID117,smape,0.0052070236,0.0051679383,0.0053537413,0.0053399997,0.0051344037,0.005165904,0.005259194,0.0054455977,0.0053449674,0.005346855,0.0049245185
ID118,smape,0.0052673547,0.0051313965,0.005038361,0.005131705,0.0049900752,0.005316736,0.0055527044,0.004766743,0.0047467165,0.004822643,0.00466641
ID119,smape,0.016519215,0.015775308,0.016627217,0.016614756,0.016597869,0.01701165,0.016255993,0.016484667,0.016157908,0.017148994,0.01524771
ID12,smape,0.003406737,0.003122556,0.003411674,0.004073423,0.0035988565,0.0034535006,0.0037220332,0.0037329511,0.0036630125,0.0033577792,0.0039692903
ID120,smape,0.0080189,0.007234204,0.008173261,0.007222362,0.00494781,0.0069647627,0.0071998164,0.006529131,0.006081843,0.006030285,0.0035830417
ID121,smape,0.009301099,0.00938925,0.009559698,0.009107154,0.009334222,0.009095834,0.009400781,0.009179387,0.009381346,0.00899994,0.009205271
ID122,smape,0.00865151,0.008985531,0.008778249,0.008879034,0.008353857,0.008602441,0.008384297,0.008478834,0.008701559,0.008057952,0.009613215
ID123,smape,0.013074443,0.012758823,0.012828996,0.012804467,0.012018982,0.012830888,0.013097873,0.012459852,0.01185648,0.011992758,0.010953258
ID124,smape,0.014209548,0.011519517,0.013322832,0.01175826,0.012875409,0.011686988,0.013242763,0.01249869,0.013875042,0.011989614,0.012708275
ID125,smape,0.027405277,0.019776871,0.020270105,0.027368654,0.010387305,0.016806588,0.015032679,0.012895645,0.02552487,0.016655311,0.019894902
ID126,smape,0.029379014,0.030265888,0.02918621,0.02823842,0.027020397,0.028147273,0.028925095,0.028544016,0.028971855,0.027405243,0.028506244
ID127,smape,0.00523511,0.00483835,0.0049763075,0.0048923334,0.0047709886,0.004853299,0.005192557,0.0051594456,0.0049732523,0.005000214,0.0051738434
ID128,smape,0.0013485781,0.0012562708,0.0014370643,0.00144606,0.0010424515,0.0013571313,0.0013394421,0.0013473813,0.0013765723,0.0013718418,0.00046546446
ID129,smape,0.010715932,0.011296658,0.0104345735,0.010909734,0.011411595,0.011653949,0.011616879,0.010834741,0.011098774,0.010478486,0.009921634
ID13,smape,0.034546282,0.034787066,0.03354636,0.03681933,0.033485275,0.035235032,0.03649998,0.036723234,0.03463331,0.035222966,0.03939355
ID130,smape,0.004531736,0.004186349,0.004441216,0.0042005763,0.0040192194,0.0038823802,0.0042168573,0.0046022846,0.00452393,0.004199872,0.0035010541
ID131,smape,0.00030571944,0.00021198267,0.00027626514,0.00022406511,0.0001265432,0.00013103109,0.00019786373,0.00029658416,0.00030184616,0.00020552277,0.00019582991
ID132,smape,0.0033559287,0.003120104,0.0031886685,0.0034155317,0.0028371545,0.0034128889,0.0027266678,0.0030988492,0.0026645514,0.0028364449,0.0033267578
ID133,smape,0.008450154,0.009554062,0.008487038,0.00903615,0.009441749,0.008658781,0.008628267,0.008955724,0.009126434,0.008314345,0.007776425
ID134,smape,0.16130732,0.15705469,0.16076984,0.1579944,0.1470307,0.15621787,0.15764782,0.15467773,0.150516,0.1511007,0.1389594
ID135,smape,0.0019292524,0.00018700825,0.0020376982,0.0027004706,0.00024741484,0.0034031223,0.002974507,0.0025249003,0.00055543904,0.00072308525,0.0013037468
ID136,smape,0.014407778,0.017265595,0.016993402,0.015718814,0.0149562685,0.016444065,0.01478878,0.015992776,0.014166517,0.017838133,0.016339004
ID137,smape,0.027219966,0.028015686,0.029004723,0.028759401,0.0259891,0.030933838,0.031107342,0.03000483,0.028358733,0.028881956,0.027286798
ID138,smape,0.0126919905,0.012197741,0.012552673,0.012170681,0.012120141,0.01160191,0.012347653,0.0129418615,0.012826396,0.012267824,0.011186904
ID139,smape,0.060681403,0.06174548,0.0603648,0.058529034,0.06163312,0.061179787,0.060165636,0.059905544,0.059734225,0.059996948,0.05881828
ID14,smape,0.0286823,0.032506365,0.030747885,0.029767347,0.031864814,0.030450307,0.031377967,0.03226028,0.029997563,0.033286817,0.03451166
ID140,smape,0.07527755,0.08003795,0.08400381,0.08497203,0.08219473,0.07867407,0.083899,0.08002452,0.08017844,0.08401358,0.08516522
ID141,smape,0.04656744,0.05032707,0.04927012,0.05301723,0.050431877,0.048111007,0.051049985,0.044367477,0.049655072,0.053006597,0.04888279
ID142,smape,0.0029974377,0.0023257928,0.0035023382,0.0034307418,0.0036176112,0.0019494073,0.0015555051,0.0023954134,0.0025720545,0.0032901205,0.0043144943
ID143,smape,0.024682878,0.023607414,0.024884928,0.024806827,0.024860598,0.025260603,0.024455886,0.02477748,0.024091296,0.025646826,0.022935968
ID144,smape,0.060035925,0.05902428,0.05832517,0.060086522,0.05830744,0.05945025,0.058375478,0.058251925,0.060626976,0.05740655,0.05912698
ID145,smape,0.0049861893,0.0053714057,0.004862767,0.0046928925,0.00485612,0.004686216,0.004917262,0.0054612523,0.004739664,0.0051838644,0.0049050814
ID146,smape,0.014212007,0.017069839,0.01679764,0.015523044,0.014760496,0.016248308,0.014593012,0.015797008,0.0139707485,0.01764238,0.016143236
ID147,smape,0.008610613,0.008133992,0.008557923,0.0077790515,0.008391188,0.008831314,0.008934785,0.00887841,0.008213647,0.008771628,0.008207096
ID148,smape,0.0021981196,0.0017691652,0.00213934,0.0015696607,0.0023517918,0.002350691,0.0023717182,0.001839286,0.0031659885,0.0024125963,0.0019395095
ID149,smape,0.0033200826,0.0032744873,0.0036213195,0.0036607287,0.0034052539,0.003762493,0.004869012,0.003679539,0.004223902,0.0030761282,0.0041113375
ID15,smape,0.12632975,0.124212526,0.1240568,0.1311247,0.12146239,0.12691668,0.12500973,0.12421846,0.12782592,0.12196838,0.1235565
ID150,smape,0.0039463066,0.0017988705,0.0017428966,0.0028351513,0.002463923,0.0031494137,0.0029322426,0.0029944163,0.0028962553,0.002751471,0.0024271875
ID151,smape,0.0059058797,0.004398403,0.0043131984,0.0051152795,0.0051791472,0.0052382885,0.0050942786,0.0052264417,0.0053249225,0.0052540265,0.0050870534
ID152,smape,0.029346198,0.028662575,0.029384248,0.029059105,0.028674949,0.027593333,0.028652528,0.026875805,0.027625583,0.028867923,0.027519535
ID153,smape,0.013385357,0.027773788,0.01769851,0.035983615,0.010196228,0.005183069,0.016877173,0.021860126,0.012905774,0.01440987,0.02881434
ID154,smape,0.00506515,0.008048202,0.014378795,0.012174208,0.012119966,0.007929297,0.010435654,0.007603353,0.008892521,0.014199616,0.011504232
ID155,smape,0.018001676,0.010594495,0.009333006,0.011223739,0.0038099855,0.017031642,0.01139891,0.019933544,0.021514475,0.0067969593,0.0020632707
ID156,smape,0.029379014,0.030265888,0.02918621,0.02823842,0.027020397,0.028147273,0.028925095,0.028544016,0.028971855,0.027405243,0.028506244
ID157,smape,0.045846943,0.045089602,0.045526333,0.046234157,0.042802766,0.04582899,0.044497885,0.043961078,0.04522007,0.042684793,0.04273478
ID158,smape,0.035792097,0.035205044,0.035407215,0.03623411,0.03388823,0.03583195,0.03476564,0.034497075,0.035645813,0.033789776,0.034444846
ID159,smape,0.002642367,0.0025298,0.002210606,0.002639654,0.0022194814,0.0026260545,0.002426495,0.0023298825,0.0025924866,0.0017033801,0.0018062238
ID16,smape,0.08788605,0.09165456,0.0866973,0.08921974,0.0960213,0.08889197,0.09191527,0.08982824,0.088068515,0.09683105,0.08977103
ID160,smape,0.030943876,0.031187229,0.031867873,0.03246023,0.029711448,0.03428129,0.03421272,0.03424068,0.031725593,0.032588247,0.030822441
ID161,smape,0.02266223,0.02205892,0.021487843,0.022601003,0.021664545,0.022277156,0.021664873,0.021645745,0.023102637,0.020953124,0.02204106
ID162,smape,0.027900452,0.03328676,0.041099884,0.04001109,0.038129393,0.03325381,0.03754046,0.03197923,0.034365125,0.041420616,0.03837639
ID163,smape,0.041265734,0.046336066,0.05092899,0.050257742,0.050189868,0.043633807,0.046786994,0.04645809,0.043947253,0.05201409,0.05095977
ID164,smape,0.1997037,0.19836676,0.20345764,0.20179257,0.19996653,0.20200112,0.2049388,0.19870332,0.20175074,0.19357377,0.1949456
ID165,smape,0.020144485,0.021743301,0.021095,0.020251898,0.020508632,0.021256149,0.022614181,0.02358878,0.020636898,0.019821802,0.023330733
ID166,smape,0.107003525,0.11225645,0.10964213,0.110951304,0.11119459,0.11113289,0.105223894,0.10777046,0.11020214,0.1091551,0.109389715
ID167,smape,0.0652651,0.06491989,0.06509974,0.064823955,0.06472102,0.064568736,0.06524995,0.06523447,0.0648165,0.06488385,0.065641984
ID168,smape,0.0013396908,0.0015537897,0.0015037771,0.001554554,0.0015780146,0.0015075062,0.001332673,0.0014043897,0.0014937462,0.0014406091,0.0014608131
ID17,smape,0.069628,0.07093559,0.070289224,0.0704732,0.0711944,0.07098991,0.07013873,0.06977559,0.070352435,0.070290454,0.06943415
ID173,smape,0.018341774,0.018019434,0.017681254,0.017417757,0.018023113,0.017154597,0.018231366,0.01731144,0.01796184,0.017413838,0.018303309
ID174,smape,0.010092118,0.011139044,0.010220664,0.0110653695,0.010686133,0.010173908,0.010863037,0.010710993,0.011182979,0.010886727,0.010904796
ID175,smape,0.07976139,0.074335925,0.075754136,0.07562725,0.07896681,0.08109454,0.07848423,0.07581155,0.07723667,0.07841666,0.07682238
ID176,smape,0.18320003,0.17635779,0.18179849,0.18571,0.18163416,0.18788832,0.17648123,0.18517369,0.18051104,0.17348275,0.17609353
ID177,smape,0.020987926,0.021143408,0.022850208,0.023020595,0.019570902,0.024329582,0.023747759,0.02152212,0.021619085,0.020392729,0.01944064
ID178,smape,0.00061367045,0.0004316359,0.0007402755,0.00085373595,0.0009106923,0.00033336802,0.00064333284,0.001064812,0.00086778763,0.0009827473,0.0013373077
ID179,smape,0.010408331,0.009591337,0.012416232,0.005842995,0.010516923,0.012032244,0.009314574,0.009894279,0.00951172,0.013318438,0.00788117
ID18,smape,0.1505169,0.14668974,0.14948967,0.1480294,0.14990836,0.15356986,0.15070066,0.1495639,0.14925134,0.14887185,0.14944875
ID180,smape,0.0054217903,0.008133222,0.0070218826,0.013073767,0.010062218,0.0141910985,0.011133807,0.009304719,0.0056690183,0.013015251,0.0042955237
ID181,smape,0.092243604,0.08673639,0.096734144,0.10705519,0.095613986,0.09203617,0.10442054,0.10608521,0.09895198,0.08623869,0.10793556
ID182,smape,0.0015818779,0.0027171548,0.0021274944,0.0028696796,0.0011489007,0.0029915783,0.0017205833,0.0023821706,0.0015920249,0.0039189076,0.00243602
ID183,smape,0.0024293892,0.0029534027,0.002568162,0.0023842836,0.0024196259,0.0023069214,0.0025182264,0.0027026003,0.0025448743,0.0012677691,0.0020374043
ID184,smape,0.06281644,0.023128107,0.038232934,0.03930261,0.035270616,0.06741653,0.059070572,0.06865693,0.054032333,0.05709943,0.042816266
ID185,smape,0.13823062,0.1396054,0.14817429,0.17794946,0.1562881,0.13424906,0.16088653,0.16034275,0.1466119,0.14504437,0.16540237
ID186,smape,0.0022893595,0.0018692787,0.0019307875,0.0017778098,0.0018233892,0.0019745377,0.0018993755,0.0017113921,0.0019233049,0.0016984488,0.0020600464
ID187,smape,0.18066105,0.16300836,0.17622457,0.18992841,0.15611395,0.15988924,0.12941924,0.19710721,0.14597411,0.14749955,0.17582898
ID188,smape,0.2164015,0.22554761,0.21698505,0.23544303,0.22034733,0.20251183,0.22084597,0.22248837,0.21980953,0.21408397,0.23483433
ID189,smape,0.004772103,0.0040318677,0.0053730933,0.0037310855,0.0041167233,0.004126284,0.0044855983,0.0046773995,0.0039573223,0.0043083373,0.0034438588
ID19,smape,0.046349738,0.043431554,0.044629384,0.043414015,0.04390484,0.044455353,0.044068556,0.04527178,0.04549655,0.043839738,0.047221847
ID192,smape,0.062772736,0.05289111,0.050037287,0.05246505,0.052574106,0.048449986,0.05320226,0.056317683,0.04797931,0.047444433,0.049126122
ID193,smape,0.13062839,0.120351166,0.12657611,0.12990049,0.115220055,0.12467198,0.12651621,0.12376182,0.12793711,0.114405036,0.12250425
ID194,smape,0.008931908,0.00795329,0.009961108,0.010078321,0.008522422,0.011141678,0.009261215,0.009928698,0.008110643,0.008333637,0.008476357
ID195,smape,0.009627096,0.009555586,0.009468215,0.009631047,0.009569142,0.009601008,0.00961539,0.009651501,0.009679604,0.009549025,0.009811316
ID196,smape,0.14191721,0.09757225,0.07914495,0.08811794,0.10338592,0.10689011,0.10910031,0.08765651,0.08570464,0.08667827,0.10842459
ID197,smape,0.00308826,0.0028245514,0.0031099916,0.002868262,0.0026859168,0.002646593,0.002872466,0.0032079788,0.0029490166,0.0028500163,0.0022312806
ID198,smape,0.0076531293,0.007810957,0.0076390756,0.0073311753,0.007922677,0.0073917974,0.0073656416,0.0075047277,0.007738688,0.00781151,0.00798069
ID199,smape,0.17943397,0.16305551,0.17888413,0.18432778,0.18678445,0.18100163,0.17576706,0.18166211,0.16689008,0.17766622,0.1690761
ID2,smape,0.05402991,0.049885735,0.045686547,0.05757917,0.06719184,0.051045846,0.076465905,0.0592072,0.06043704,0.060689658,0.06939357
ID20,smape,0.04736419,0.04693065,0.047340956,0.04775393,0.047147483,0.048026044,0.046595648,0.04701654,0.047175847,0.046069995,0.046301313
ID200,smape,0.10547489,0.10473679,0.0994402,0.10000172,0.11438601,0.095763035,0.0971836,0.104540005,0.103423335,0.10756299,0.11105986
ID201,smape,0.01081127,0.010660559,0.010757249,0.010838252,0.0101607125,0.010773681,0.010547524,0.0104216095,0.010598768,0.010123109,0.009988437
ID202,smape,0.053514317,0.07724616,0.0432232,0.05246555,0.060206696,0.044343315,0.061816473,0.047395702,0.046549212,0.05841207,0.057017013
ID21,smape,0.0056018136,0.007835001,0.0074783973,0.009086689,0.0066587217,0.0065732123,0.006649169,0.00961638,0.008435588,0.009336301,0.011204094
ID22,smape,0.068900004,0.06816235,0.066590205,0.06860979,0.06769052,0.06854382,0.0678346,0.0676647,0.0699988,0.06591744,0.067424506
ID23,smape,0.1060364,0.10263936,0.09426241,0.10412754,0.102669984,0.090927295,0.10075632,0.1098409,0.09708137,0.09801718,0.10324645
ID24,smape,0.10759359,0.105191454,0.100452885,0.10021311,0.11189792,0.1091957,0.10407484,0.10363021,0.10827112,0.10182581,0.102635525
ID25,smape,0.10759359,0.105191454,0.100452885,0.10021311,0.11189792,0.1091957,0.10407484,0.10363021,0.10827112,0.10182581,0.102635525
ID26,smape,0.075802594,0.0789237,0.08160357,0.07083906,0.07333878,0.072188206,0.07415314,0.077011526,0.07808825,0.08046506,0.052442245
ID28,smape,0.25788346,0.28158444,0.27235916,0.2561286,0.25121188,0.26549023,0.2596876,0.27568808,0.25996575,0.27854705,0.2592784
ID29,smape,0.21530715,0.21510762,0.22460556,0.22182623,0.21731594,0.21671355,0.21703643,0.21672694,0.21858886,0.21384326,0.22299722
ID3,smape,0.083240815,0.07966031,0.08122031,0.08507753,0.08500363,0.08363701,0.083508186,0.083877414,0.0817667,0.08149134,0.084313825
ID30,smape,0.1371953,0.13345419,0.13815501,0.13552533,0.13567556,0.1354144,0.13912016,0.13435754,0.13967618,0.13649483,0.13470472
ID31,smape,0.06516904,0.06404822,0.06447412,0.060489804,0.067909166,0.06310864,0.062006127,0.060084023,0.0644774,0.062646866,0.05381442
ID32,smape,0.14295024,0.14971481,0.14016676,0.13070929,0.14784035,0.13992795,0.14416248,0.14141242,0.14728066,0.14303112,0.13735276
ID33,smape,0.025848292,0.027529519,0.025819693,0.024294548,0.029088236,0.026063997,0.02878553,0.024577897,0.027365532,0.025867317,0.02925317
ID34,smape,0.11212999,0.1427896,0.0879105,0.22270316,0.20701453,0.08081791,0.19835597,0.15403521,0.084132865,0.115844205,0.13298106
ID35,smape,0.01715779,0.016869178,0.015498627,0.014073196,0.013497679,0.016257629,0.013586171,0.016581997,0.0161592,0.012366479,0.0133073265
ID36,smape,0.08530527,0.061425418,0.09810362,0.07937345,0.07454805,0.090675265,0.074705735,0.094032645,0.091448635,0.073364556,0.084355175
ID37,smape,0.2981295,0.2723533,0.3041615,0.31003806,0.31648305,0.3158557,0.31044182,0.29555923,0.27554312,0.2782431,0.26402825
ID38,smape,0.055771034,0.06478263,0.0614248,0.056615677,0.06357257,0.06302105,0.06472887,0.05781243,0.065966606,0.066501,0.05804277
ID39,smape,0.09157573,0.100764856,0.0993939,0.09348804,0.09127514,0.0950893,0.09315875,0.10293147,0.094815284,0.097267434,0.08684823
ID4,smape,0.035367846,0.036092993,0.03553453,0.036080606,0.036369614,0.03677441,0.03598997,0.035140872,0.035357617,0.036043894,0.03758258
ID40,smape,0.16957827,0.16515851,0.16087686,0.16315824,0.16369385,0.16613974,0.15888248,0.16368446,0.16164355,0.15583728,0.16825576
ID41,smape,0.09557137,0.08342918,0.07571384,0.086353295,0.09780527,0.07787225,0.101701036,0.108586654,0.100113615,0.03620129,0.08369434
ID42,smape,0.034313455,0.034247458,0.03673173,0.037820823,0.035684835,0.03569761,0.042850785,0.03659094,0.03896693,0.03325519,0.038158566
ID43,smape,0.003227653,0.0047911094,0.0058828364,0.008581201,0.00508315,0.001862352,0.007390766,0.0032280786,0.004040303,0.004088286,0.0038339728
ID44,smape,0.044313997,0.042962495,0.046654306,0.04453406,0.048853483,0.047146622,0.04522088,0.046298157,0.045277443,0.045505382,0.04561136
ID45,smape,0.007722809,0.006628074,0.007072551,0.0073310435,0.005719734,0.0066804425,0.006963873,0.006699465,0.006298177,0.006390377,0.006135936
ID46,smape,0.071856886,0.067021444,0.065062106,0.066214494,0.05757802,0.07119809,0.0680501,0.07485019,0.0764429,0.06267186,0.055286277
ID47,smape,0.029488562,0.032484487,0.035034783,0.036024995,0.033517655,0.031654254,0.036238693,0.03260954,0.03326971,0.034409303,0.036120076
ID48,smape,0.021953627,0.02489326,0.023331176,0.0282512,0.027192205,0.025930602,0.02601504,0.025271138,0.02365047,0.028971868,0.032231864
ID49,smape,0.044752784,0.048599415,0.052127305,0.05332309,0.048043996,0.041426055,0.051058516,0.04207991,0.047394194,0.04950235,0.049917202
ID5,smape,0.046347212,0.043427456,0.04462794,0.04341009,0.043902315,0.044453055,0.04406539,0.04526869,0.045492336,0.043836784,0.0472162
ID50,smape,0.017468266,0.01807043,0.018008936,0.017588463,0.01824115,0.017612193,0.017451003,0.018155312,0.017900798,0.018132383,0.017745405
ID51,smape,0.07671629,0.08194268,0.08334898,0.08322476,0.0861001,0.08361331,0.08762933,0.08149226,0.082569815,0.079517946,0.0812213
ID52,smape,0.06712161,0.061185025,0.059735782,0.060208045,0.05776313,0.06270898,0.057678185,0.05906351,0.05808165,0.06094049,0.058054112
ID53,smape,0.01114464,0.0064774603,0.011949385,0.007156263,0.008621437,0.008864552,0.0046886746,0.007380749,0.0041810153,0.00980848,0.0050480803
ID54,smape,0.025526855,0.024179969,0.029192742,0.020446645,0.033906437,0.029854625,0.027126892,0.026020736,0.020600697,0.033582434,0.024773248
ID55,smape,0.17533784,0.17761827,0.18013011,0.17881626,0.1795184,0.17799456,0.17949073,0.17631622,0.17834726,0.18171492,0.17725189
ID56,smape,0.024183057,0.023041029,0.026213635,0.02985458,0.026708506,0.025028542,0.021608453,0.030168172,0.027053637,0.026265051,0.025897447
ID57,smape,0.08788651,0.09165458,0.08669779,0.08921975,0.09602164,0.08889243,0.09191547,0.08982874,0.088069156,0.09683131,0.08977125
ID58,smape,0.033458054,0.028031187,0.029021595,0.034615267,0.029522074,0.032641266,0.034181252,0.032733284,0.031326897,0.032802455,0.019166837
ID59,smape,0.0056018136,0.007835001,0.0074783973,0.009086689,0.0066587217,0.0065732123,0.0066491417,0.00961638,0.008435588,0.009336301,0.011204094
ID60,smape,0.09787944,0.09702885,0.09929068,0.09955409,0.09763722,0.09985195,0.09846584,0.09884476,0.096891835,0.09735367,0.09720908
ID61,smape,0.018080808,0.017951936,0.018869868,0.01872448,0.018175777,0.018441733,0.01836183,0.018280767,0.018329103,0.018029384,0.01848483
ID62,smape,0.02139429,0.02308894,0.022889512,0.027160306,0.024836283,0.028152201,0.024625586,0.022642428,0.020973243,0.027502917,0.019731203
ID63,smape,0.018672042,0.01840081,0.018138146,0.018530551,0.017594084,0.017388204,0.017902657,0.01674606,0.017636562,0.018050268,0.01882337
ID64,smape,0.02010755,0.020245895,0.020577252,0.019675195,0.019211572,0.019921346,0.020431608,0.020053621,0.019852206,0.02006554,0.019013686
ID7,smape,0.0800559,0.078076206,0.079038255,0.079846025,0.07688855,0.08227293,0.076612316,0.07938486,0.0752649,0.07846034,0.076231405
ID71,smape,0.0031106973,0.0033664412,0.0036021722,0.0032136922,0.003364081,0.0033013585,0.003372222,0.0035016504,0.0028567268,0.0035823628,0.0032486476
ID77,smape,0.0028966526,0.0026561306,0.0022847047,0.0027615163,0.0026096657,0.002753856,0.002615037,0.0025630458,0.0032231116,0.0022186942,0.002625649
ID78,smape,0.0041630776,0.0023425468,0.002363678,0.0037071132,0.0036183598,0.003898637,0.0034089726,0.00380141,0.004436221,0.0041181236,0.0043557365
ID79,smape,0.0024660926,0.0024816142,0.0026681328,0.0025447782,0.0024471153,0.002500783,0.0025715206,0.0024330446,0.0025581734,0.0028962207,0.0026046524
ID8,smape,0.06626755,0.053814046,0.07641362,0.08169627,0.06252205,0.08409314,0.093861,0.07408907,0.090065986,0.116400525,0.0970165
ID80,smape,0.0015570049,0.0012882894,0.0015563369,0.001293422,0.0012098075,0.0010555597,0.0013862808,0.0017046984,0.0014419477,0.0013240145,0.00069274334
ID81,smape,0.010475955,0.013026757,0.012470116,0.0122899255,0.011919102,0.014930295,0.014093238,0.011676822,0.014065985,0.012796402,0.014012404
ID82,smape,0.014002391,0.015341782,0.013678846,0.013581348,0.013383385,0.013778636,0.013994428,0.013498025,0.014600279,0.01235222,0.016351342
ID83,smape,0.022284849,0.023571948,0.02126025,0.01959208,0.021965701,0.021986239,0.02187363,0.021853011,0.021442667,0.020825531,0.024859492
ID84,smape,0.017779667,0.012556898,0.014256844,0.009086662,0.014854429,0.020401297,0.013471502,0.0113817835,0.015547851,0.015123125,0.01414607
ID85,smape,0.09710826,0.09724001,0.09748676,0.09736298,0.10066641,0.096986845,0.10001583,0.09925826,0.097929284,0.10311845,0.092753984
ID86,smape,0.17397176,0.16799074,0.16852525,0.1643152,0.16468513,0.16436782,0.16490482,0.16427746,0.16690968,0.16631427,0.15715203
ID87,smape,0.008797808,0.008481025,0.009227432,0.009231251,0.008978268,0.009165082,0.008657854,0.008865622,0.008661542,0.009168129,0.008498497
ID88,smape,0.014994805,0.019271875,0.022558052,0.024357637,0.020222824,0.01822061,0.022139687,0.015605713,0.019503672,0.023139508,0.020736516
ID89,smape,0.03822934,0.04392173,0.040697113,0.042816974,0.035754986,0.03367087,0.044599846,0.044928625,0.041874062,0.040556222,0.03815687
ID9,smape,0.06943513,0.07410952,0.07547483,0.0673383,0.06675596,0.0738789,0.07880291,0.07466834,0.07083168,0.07512872,0.066683926
ID90,smape,0.016441735,0.016477244,0.01680041,0.016250048,0.016641982,0.01703755,0.016834592,0.016348125,0.015865998,0.016628303,0.016278723
ID99,smape,0.035157453,0.03245742,0.032779057,0.03362478,0.03274256,0.034979917,0.034920745,0.03625883,0.034379356,0.03511214,0.033282515
