unique_id,metric,Grasynda(3),Grasynda(5),Grasynda(7),Grasynda(10),Grasynda(15),Grasynda(20),Grasynda(25),Grasynda(50),Grasynda(75),Grasynda(100),Original
ID0,mase,0.5955455,0.5910199,0.563223,0.47527775,0.49916333,0.6477609,0.49781427,0.37730882,0.4201123,0.4472013,0.48280263
ID1,mase,0.95358986,0.90613896,0.9781715,0.8001775,0.781775,0.9338222,0.8702509,0.88096124,0.9129045,0.90080124,0.9343317
ID10,mase,1.5063883,1.5363915,1.4971212,1.4860091,1.4373556,1.479408,1.5327922,1.3978513,1.406894,1.4462465,1.457755
ID101,mase,1.3402833,1.3206078,1.2812898,1.3095266,1.2037852,1.3374499,1.1904159,1.3384717,1.2429681,1.250207,1.2250404
ID102,mase,0.46533245,0.45383617,0.47748038,0.45836815,0.4682947,0.56555533,0.49513513,0.5309719,0.48353678,0.4894059,0.49216473
ID103,mase,0.58325726,0.52171326,0.5382016,0.4075329,0.5814232,0.61647445,0.4763207,0.49284834,0.51535916,0.49604386,0.4834495
ID104,mase,0.3254232,0.37406275,0.4344317,0.3896125,0.38165224,0.354799,0.44614995,0.44499806,0.42021257,0.40123832,0.42447776
ID105,mase,0.24574916,0.33025503,0.2612902,0.3729496,0.31276354,0.24750157,0.1967235,0.17304218,0.21782511,0.20442508,0.19025539
ID107,mase,1.4840661,1.4837649,1.4675163,1.4906498,1.4691967,1.4285789,1.3777639,1.4531792,1.3341595,1.3218309,1.3385549
ID108,mase,0.97023916,0.71661806,0.9238854,0.74376583,0.8123657,0.9076344,1.0175658,1.055163,0.9912888,0.9784786,0.92604995
ID109,mase,4.682756,4.472038,4.6272497,4.529497,4.5557785,4.49047,4.711178,4.499195,4.453949,4.4677253,4.474772
ID110,mase,0.23296477,0.49964395,0.40630275,0.075312294,0.11330641,0.38934916,0.2549374,0.1617635,0.40895617,0.36068162,0.17148443
ID111,mase,0.54573625,0.4567087,0.54982454,0.53468853,0.5841843,0.493152,0.5236916,0.45652047,0.5152781,0.533668,0.52158314
ID112,mase,0.31985247,0.35872316,0.2813805,0.2554884,0.2658351,0.35660174,0.30280304,0.35519978,0.47200078,0.47371706,0.4615335
ID113,mase,0.8185895,0.82927024,0.9023594,0.789637,0.82786703,0.78695685,0.8359901,0.7528182,0.74397415,0.77637446,0.7815983
ID114,mase,1.5271138,1.5276847,1.3954467,1.4639803,1.578508,1.4547901,1.3298532,1.5733991,1.3377512,1.3973476,1.4140729
ID115,mase,1.3029993,1.1459577,1.0603268,1.3476297,1.2732582,1.3647854,1.1223254,1.7060899,1.6057463,1.5744821,1.4970765
ID116,mase,0.14995632,0.16225247,0.13873048,0.14413536,0.14334962,0.15575121,0.13668056,0.16107897,0.1523872,0.14877942,0.14405711
ID117,mase,0.2741353,0.2662601,0.26809177,0.2785047,0.26748723,0.26521805,0.2693274,0.27246782,0.2677188,0.2657742,0.25880343
ID118,mase,0.21814746,0.21003255,0.20694289,0.20248461,0.20240961,0.20691305,0.20145957,0.20152408,0.18155862,0.18585964,0.19260834
ID119,mase,0.7911046,0.79474777,0.78831255,0.8102785,0.8027211,0.8304979,0.80882305,0.7780519,0.7895734,0.7860268,0.74602914
ID12,mase,0.048899032,0.048248045,0.048464958,0.04509034,0.05010797,0.045626823,0.04765332,0.057136558,0.05678293,0.059638586,0.055332895
ID120,mase,0.3829607,0.3125106,0.39462328,0.38191646,0.39148915,0.3156545,0.36705133,0.28336114,0.14301659,0.14165963,0.17080909
ID121,mase,0.4182694,0.42182207,0.42506307,0.4254654,0.4231309,0.4050918,0.40633604,0.41574365,0.3989873,0.4034092,0.4114645
ID122,mase,0.35707393,0.3702739,0.36974454,0.37976113,0.36006784,0.34160128,0.36449543,0.39497268,0.38833687,0.38982788,0.40216652
ID123,mase,0.71360946,0.6876606,0.69774187,0.6971679,0.6875362,0.6625062,0.64545244,0.65908355,0.5626648,0.5619141,0.5815578
ID124,mase,0.27406958,0.28309813,0.2904185,0.30578542,0.3086915,0.25618762,0.3129734,0.30048957,0.25783616,0.27679026,0.2995334
ID125,mase,0.64583135,0.5386953,0.56670135,0.2734936,0.3703956,0.7700376,0.533309,0.7868209,0.7258247,0.56627387,0.5984814
ID126,mase,1.4131329,1.5075256,1.410886,1.4614427,1.4285808,1.5788789,1.431274,1.5063453,1.4986222,1.4859605,1.4676373
ID127,mase,0.38463292,0.3748881,0.3773025,0.36427397,0.35869488,0.36975956,0.3744885,0.37725362,0.37111342,0.379464,0.38650537
ID128,mase,0.06628886,0.07778456,0.05667638,0.07021131,0.060316164,0.054056212,0.05727934,0.07072984,0.035510384,0.032479983,0.025704255
ID129,mase,0.43477744,0.46110696,0.41477868,0.45379055,0.43614748,0.44108808,0.37152034,0.44407427,0.40058997,0.38592204,0.38512665
ID13,mase,1.1162034,1.1053275,1.1750759,1.1881497,1.1349334,1.2146856,1.116051,1.2690026,1.274195,1.271874,1.3096749
ID130,mase,0.20103692,0.20160267,0.18957742,0.18981895,0.20253216,0.199436,0.19095908,0.19150399,0.17174657,0.16938724,0.16527171
ID131,mase,0.017571483,0.017778663,0.01364412,0.013729582,0.019722274,0.014713689,0.01369721,0.011997037,0.0037409,0.003782336,0.0124657815
ID132,mase,0.12470428,0.13949361,0.13676962,0.11151528,0.12662515,0.15311468,0.13413723,0.11310153,0.12437082,0.123586506,0.13599001
ID133,mase,0.82073545,0.7572951,0.78976566,0.729615,0.7442092,0.774509,0.75879395,0.64760584,0.6340221,0.6349933,0.6611764
ID134,mase,1.7756076,1.6855531,1.7709851,1.74867,1.7528801,1.6690866,1.7072511,1.6355674,1.4308565,1.4299257,1.4728657
ID135,mase,0.016893866,0.06360691,0.04367684,0.03873744,0.043253787,0.086538486,0.01457576,0.015332371,0.041489985,0.04402667,0.029551249
ID136,mase,0.55395395,0.5677859,0.540638,0.65569496,0.67120165,0.49602735,0.61081094,0.496887,0.60025126,0.560859,0.5630013
ID137,mase,0.9608009,1.0300536,1.0385079,1.1608835,1.0995713,0.99550545,1.0945536,1.0773053,1.0404983,1.0375544,1.0023627
ID138,mase,0.3326444,0.33530876,0.31988546,0.3219024,0.33215845,0.33636445,0.3222581,0.3256057,0.30629098,0.3043388,0.30082363
ID139,mase,1.5510885,1.5020348,1.501586,1.500383,1.5215191,1.4732866,1.5022687,1.4724327,1.470874,1.4794556,1.4725518
ID14,mase,0.76115954,0.7568031,0.8243463,0.80080235,0.802041,0.80099446,0.8253234,0.8436464,0.85543674,0.8485407,0.87520605
ID140,mase,2.5361001,2.6028137,2.615841,2.454658,2.5414004,2.6784177,2.5919974,2.456518,2.3661325,2.3528705,2.5799658
ID141,mase,2.335059,2.3731742,2.3240676,2.2486634,2.4073758,2.3914945,2.1586215,2.266169,2.2333512,2.2013657,2.2278185
ID142,mase,0.26253033,0.24443386,0.18523729,0.2729273,0.21895064,0.2101003,0.2636851,0.27630603,0.32389894,0.2976398,0.3073063
ID143,mase,1.1099123,1.1172888,1.1073431,1.1309906,1.1231309,1.1474059,1.1288099,1.0787066,1.0933495,1.0895454,1.0459306
ID144,mase,1.6834214,1.7031026,1.6710099,1.6587939,1.6706284,1.692948,1.6895156,1.6940494,1.7118831,1.7077888,1.6976352
ID145,mase,0.36972094,0.3752928,0.3684257,0.36589083,0.35884956,0.37606177,0.38869718,0.3568743,0.36170498,0.35871613,0.3699729
ID146,mase,0.54651743,0.56032544,0.53322446,0.6480826,0.66356254,0.48869088,0.60327613,0.48954907,0.59273475,0.5534106,0.5555491
ID147,mase,0.42411715,0.42224178,0.45165816,0.46195862,0.43642724,0.3820609,0.4099524,0.4103252,0.40807855,0.42405197,0.41193748
ID148,mase,0.09322906,0.08931632,0.0940158,0.14559479,0.13309538,0.09548382,0.12003195,0.12533148,0.084210046,0.08514483,0.08277609
ID149,mase,0.12888487,0.13231991,0.13150781,0.12536424,0.12043427,0.16351303,0.10928789,0.14611746,0.1328944,0.12839688,0.14171828
ID15,mase,1.470146,1.4973029,1.4846256,1.5046848,1.4828378,1.4747664,1.4745796,1.4267473,1.4830499,1.4751952,1.4692898
ID150,mase,0.1314391,0.1317108,0.13657412,0.14172067,0.14828661,0.17034572,0.17391974,0.14942198,0.11553099,0.13891152,0.1250831
ID151,mase,0.19900459,0.20640866,0.19405672,0.20294638,0.21158612,0.20220126,0.20396583,0.20997615,0.1850357,0.19090886,0.19746087
ID152,mase,0.3958439,0.38621098,0.38673127,0.40258536,0.39970353,0.39177817,0.40878424,0.394774,0.38149312,0.37708572,0.38534048
ID153,mase,0.5136556,0.27807885,0.91589695,0.29740593,0.30517977,0.7990638,0.84605855,1.068403,1.5529726,1.4983605,1.1793
ID154,mase,0.57589126,0.58099777,0.66451013,0.5155619,0.54998446,0.62321836,0.7399849,0.5144119,0.40114492,0.43208727,0.6139958
ID155,mase,0.64459324,0.47550783,0.59378093,0.30852935,0.27951363,0.8163508,0.29710355,0.28596395,0.08634589,0.04278297,0.11395991
ID156,mase,1.4131329,1.5075256,1.410886,1.4614427,1.4285808,1.5788789,1.431274,1.5063453,1.4986222,1.4859605,1.4676373
ID157,mase,1.1807171,1.1826875,1.2016693,1.2154717,1.2048594,1.1603768,1.1874477,1.2000442,1.1307122,1.1229253,1.1233181
ID158,mase,1.1187346,1.1271415,1.1322442,1.1421981,1.1339501,1.1140126,1.1384908,1.1396561,1.1123875,1.1072232,1.1040021
ID159,mase,0.11228976,0.12368052,0.10539915,0.11235845,0.107698,0.09982971,0.08260368,0.121971056,0.0847084,0.0777242,0.07854459
ID16,mase,1.7147784,1.6744016,1.7659868,1.6525596,1.7395264,1.8066059,1.7855961,1.7234416,1.6099418,1.6220211,1.683743
ID160,mase,1.0977846,1.1952399,1.1624446,1.2733474,1.21676,1.1254884,1.2122124,1.1773571,1.1823488,1.1786586,1.1419492
ID161,mase,0.8456567,0.8647974,0.8310364,0.8217529,0.8320763,0.8535444,0.8443869,0.86044747,0.86694515,0.8627579,0.8536788
ID162,mase,1.3173933,1.379705,1.4161587,1.2318329,1.3170758,1.4055662,1.4469991,1.3044943,1.1144279,1.1397488,1.3566798
ID163,mase,1.5179969,1.5308459,1.6061885,1.4504057,1.4799217,1.6167765,1.6237973,1.3792906,1.3457853,1.3381941,1.5648285
ID164,mase,2.6804745,2.6948705,2.8036044,2.6775115,2.620221,2.693919,2.764062,2.680247,2.6664326,2.6671615,2.6584682
ID165,mase,0.3539412,0.35984585,0.3312606,0.3506998,0.3332766,0.3451371,0.36916643,0.4010168,0.3781156,0.38557875,0.38635954
ID166,mase,2.0350885,2.013809,1.9771955,2.0073402,2.0103045,2.0387852,1.9480828,2.0570366,2.0018919,2.0190253,2.0039656
ID167,mase,1.8653,1.8565928,1.8655775,1.849713,1.8526266,1.8442483,1.8617071,1.8532991,1.8537627,1.8598027,1.873401
ID168,mase,0.19823983,0.2061747,0.2108743,0.21439613,0.22497308,0.20528637,0.21958001,0.20961916,0.22072339,0.21501796,0.20936985
ID17,mase,1.4383693,1.4490262,1.4396288,1.4574735,1.4602466,1.452429,1.4337177,1.4381506,1.4374251,1.4281434,1.4257386
ID173,mase,0.36863595,0.36460957,0.36545476,0.3731443,0.3612426,0.3627752,0.35850942,0.3553006,0.36843678,0.36789095,0.37159196
ID174,mase,0.17680094,0.18981843,0.1844931,0.1799532,0.18645376,0.18153276,0.18805332,0.19750923,0.18855588,0.1849388,0.19038467
ID175,mase,0.24895205,0.24680829,0.23732017,0.25025824,0.24617648,0.23965158,0.23715726,0.24528894,0.23714477,0.23720972,0.24150312
ID176,mase,2.7393837,2.6911347,2.814793,2.6281404,2.527842,2.7450984,2.6671922,2.5874119,2.6038525,2.5915124,2.6111567
ID177,mase,0.34589493,0.36506,0.3860915,0.4415223,0.40933865,0.35744938,0.4217606,0.39339784,0.35087714,0.35066837,0.34140718
ID178,mase,0.07244415,0.057342086,0.05324298,0.057087936,0.07700254,0.08931257,0.056016866,0.07342445,0.0836831,0.09119511,0.09804449
ID179,mase,0.12709272,0.22411685,0.085737765,0.085890554,0.05981469,0.11234538,0.19127885,0.10835083,0.1121952,0.12730251,0.100452825
ID18,mase,1.2726527,1.2701983,1.3006856,1.2726221,1.2519556,1.2850008,1.2661902,1.2762743,1.2853749,1.287925,1.2752365
ID180,mase,0.11226732,0.1076234,0.20957732,0.12990493,0.17127684,0.11474771,0.11646563,0.2330378,0.1544784,0.13322727,0.072714664
ID181,mase,1.8972067,1.9628506,1.869321,1.8131914,1.9788284,1.7809098,1.9502318,2.1605694,2.1497076,2.2379913,2.1189964
ID182,mase,0.15568882,0.2341453,0.19247083,0.1657034,0.22621588,0.13359925,0.20152123,0.38601315,0.2991486,0.28511912,0.20891422
ID183,mase,0.40693057,0.3792144,0.35906205,0.27043828,0.30949482,0.41929018,0.25897628,0.28486857,0.36066422,0.3208352,0.2623523
ID184,mase,0.6451987,1.1316855,0.6481998,0.70276374,0.8320721,0.048640277,0.5774439,0.53066546,0.7080412,0.44605386,0.51758486
ID185,mase,1.5347029,1.4653788,1.3837436,1.4130013,1.2343065,1.544059,1.602209,1.3618531,1.5251739,1.5235145,1.6018542
ID186,mase,0.26762825,0.2406311,0.23681368,0.2737672,0.25735584,0.24410793,0.23169382,0.25020054,0.2664457,0.267601,0.2671596
ID187,mase,0.902279,0.6435891,0.6771959,1.0866753,1.0960522,0.9227985,1.0804192,0.8834194,1.079866,0.98996717,1.0200633
ID188,mase,3.7114997,3.4734695,4.0137997,3.4230456,3.6465347,3.9124742,3.8225763,4.2919345,4.3311048,4.320799,4.1280355
ID189,mase,0.12522204,0.1461476,0.14733486,0.14723119,0.124372035,0.12730263,0.11452523,0.10032101,0.10667193,0.10524234,0.10462591
ID19,mase,0.5701165,0.5460786,0.56491244,0.5492685,0.5492045,0.55872166,0.55505097,0.5738917,0.58736676,0.5934906,0.58722067
ID192,mase,2.958928,2.4929872,2.6276076,2.6430945,2.5436227,3.1754797,2.943339,2.3812318,2.6026645,2.5586953,2.6280298
ID193,mase,3.1645179,2.7496765,2.8472178,2.8836377,3.0175807,2.5463686,2.9830341,2.8977633,2.9538844,2.8735719,2.809299
ID194,mase,0.7285711,0.754579,0.67628056,0.8521502,0.6254779,0.69967425,0.64568186,0.6319687,0.7225286,0.735445,0.68257034
ID195,mase,2.4790485,2.4929943,2.5207253,2.5163093,2.5069895,2.4743176,2.4511445,2.4885845,2.495755,2.513141,2.5232882
ID196,mase,0.48102838,0.4771861,0.5224676,0.42215204,0.4948209,0.5790449,0.5347783,0.6255161,0.62594455,0.6351438,0.56795645
ID197,mase,0.13943042,0.1329977,0.12875462,0.12816048,0.13547707,0.13593902,0.12992954,0.13135548,0.11621627,0.112400435,0.10559921
ID198,mase,0.6075579,0.5813799,0.59641474,0.5650586,0.5864574,0.6079765,0.58129364,0.6117388,0.6127216,0.6134385,0.61412305
ID199,mase,2.6608634,2.7618883,2.8432686,2.6259882,2.7050407,2.7054749,2.4758813,2.495824,2.2977,2.3326106,2.4973328
ID2,mase,1.3503739,1.3603212,1.4198554,1.242258,1.4687262,1.4337938,1.1215675,1.6871576,1.6084,1.609088,1.6560658
ID20,mase,2.0672216,2.039385,2.0876255,2.0409079,2.0029268,2.0512059,2.0449648,2.0364823,2.027388,2.0243037,2.0228913
ID200,mase,1.8343848,1.7992823,1.7327178,1.5987656,1.6742103,1.8106993,1.6536646,1.7153789,1.8360488,1.8367465,1.8586912
ID201,mase,0.9776884,0.97436225,0.9915867,1.0008415,0.9935868,0.9547452,0.96840113,0.98108274,0.91708106,0.91101587,0.9143778
ID202,mase,0.30423385,0.27688998,0.26855147,0.26932836,0.29032972,0.30228716,0.29960582,0.280599,0.25664842,0.27208322,0.2768618
ID21,mase,0.15637486,0.30825478,0.36150932,0.24163401,0.23615061,0.2674252,0.48093534,0.47949386,0.50668204,0.387735,0.3854931
ID22,mase,3.4703376,3.5404096,3.4100287,3.4147072,3.42589,3.4914577,3.4128163,3.5373657,3.4974704,3.4786608,3.452538
ID23,mase,1.3050125,1.3566912,1.2909937,1.2307625,1.2012408,1.2551582,1.2233071,1.2824377,1.3348253,1.3680502,1.3425171
ID24,mase,1.2019871,1.2489107,1.2338277,1.1411022,1.1594172,1.4313152,1.2282994,1.1408175,1.1548442,1.1750754,1.2362399
ID25,mase,1.0820003,1.1242396,1.1106623,1.0271931,1.0436797,1.2884358,1.1056858,1.0269368,1.0395633,1.0577749,1.1128337
ID26,mase,1.1124624,1.1814052,1.2111142,1.2551407,1.1554646,1.0303577,1.1824512,0.84882206,0.7609589,0.7752916,0.81538874
ID28,mase,2.636929,2.3825672,2.4389963,2.7295973,2.330019,2.4844956,2.0561602,2.5360343,2.4157634,2.3693547,2.48127
ID29,mase,1.2811291,1.3427403,1.3085743,1.3269335,1.2984931,1.2838997,1.3207141,1.3585807,1.3659325,1.3687477,1.3294946
ID3,mase,4.0678115,4.1101937,4.3254013,4.077594,4.2075963,4.0105734,3.8850532,3.9362252,3.8829842,3.9924834,4.1193795
ID30,mase,2.2641792,2.3326552,2.2700276,2.2437232,2.2358148,2.29506,2.2476177,2.2593644,2.269053,2.2700465,2.2282932
ID31,mase,0.8585956,0.8586805,0.79955554,0.7963556,0.8529388,0.7609924,0.8350587,0.70395595,0.69021124,0.6914474,0.682179
ID32,mase,1.1126351,1.1443641,1.1370889,1.1067938,1.2232196,1.19428,1.20226,1.1941648,1.15638,1.1515874,1.1200453
ID33,mase,2.2341747,2.4470606,2.3565443,2.4763443,2.329226,2.416448,2.2504637,2.371941,2.665843,2.7127693,2.7023845
ID34,mase,0.39989024,0.21781972,0.2440447,0.3391492,0.3783957,0.37537667,0.46990237,0.23448062,0.2547427,0.23936965,0.30585134
ID35,mase,0.8307461,0.83079636,0.9076916,0.7585751,0.7966565,0.74268645,0.859354,0.6114716,0.63953227,0.64468604,0.6618051
ID36,mase,0.8927928,1.0086603,0.9410025,0.99800533,0.9667326,0.91846323,0.91928095,0.98708415,1.0986538,1.0540224,1.039215
ID37,mase,1.8332096,1.9237777,1.9460621,1.7444713,1.8249829,1.7060093,1.6924736,1.4647019,1.2478553,1.3311253,1.4936746
ID38,mase,0.4631739,0.495626,0.5095288,0.47422305,0.39388138,0.5852561,0.42974827,0.4433282,0.4258701,0.47290978,0.4540054
ID39,mase,0.8450952,0.8207318,0.8641689,0.866654,0.80012745,0.73006284,0.7613885,0.74904436,0.7085296,0.7065921,0.7234417
ID4,mase,0.98767066,0.98698545,1.0041595,1.003463,0.9873224,0.98773515,1.0020249,0.99953777,1.026301,1.029432,1.0355406
ID40,mase,1.1833681,1.1991246,1.2430876,1.1797842,1.1654869,1.1652572,1.2123168,1.2033427,1.224038,1.2294877,1.2132949
ID41,mase,0.24433962,0.17280181,0.18455194,0.20905107,0.1931117,0.23265573,0.19115469,0.12440887,0.14888786,0.1303824,0.17604944
ID42,mase,1.5476042,1.6204776,1.5421569,1.5993797,1.5353363,1.7910309,1.4560964,1.7069764,1.5535966,1.5344923,1.6377676
ID43,mase,0.16657993,0.2810948,0.17774431,0.2874836,0.2470022,0.26207414,0.15314119,0.15683633,0.056973003,0.052305836,0.13517429
ID44,mase,0.77412516,0.8301522,0.81651235,0.7318057,0.86234504,0.72483885,0.833466,0.7410876,0.77837765,0.7735444,0.7875865
ID45,mase,0.15619293,0.1377496,0.1474045,0.12636453,0.13590384,0.14553918,0.16217132,0.13383734,0.12168288,0.123649485,0.1291047
ID46,mase,2.3554113,2.2948682,2.3396728,2.1056871,2.155169,2.5048075,2.1700282,2.159709,1.9661653,1.977214,1.9172843
ID47,mase,0.9386607,0.9879542,0.98468333,0.8939012,0.94852227,1.0508709,0.95667934,0.89524096,0.83173084,0.8196952,0.96382254
ID48,mase,1.0402256,1.0531757,0.89358824,1.2240603,1.1795986,1.0386827,1.079023,1.4262921,1.4889814,1.4269615,1.3756492
ID49,mase,1.0552806,1.0688777,1.1425831,1.006685,1.0480742,1.1967822,1.0390733,1.063473,1.0346822,1.0150179,1.1053861
ID5,mase,0.5700926,0.54604733,0.56487167,0.54924554,0.5491724,0.5586965,0.5550082,0.57382256,0.58730423,0.59342754,0.58715284
ID50,mase,0.5027969,0.51635796,0.5104257,0.5159347,0.5196488,0.5067885,0.510593,0.5101895,0.50943726,0.505062,0.5020859
ID51,mase,1.5527806,1.6219625,1.5861228,1.5602822,1.5724943,1.5029818,1.6225716,1.5349265,1.4969258,1.4721886,1.5332085
ID52,mase,1.4713067,1.4174467,1.6208571,1.4522827,1.4766705,1.6140264,1.4459395,1.382969,1.4099824,1.4422411,1.4572114
ID53,mase,0.08311196,0.31407067,0.39523834,0.34686133,0.21319677,0.20123374,0.035905987,0.13370816,0.23437014,0.19399491,0.13276902
ID54,mase,0.69738644,1.1220926,1.1826967,1.1711264,1.2483191,0.442195,0.9654519,0.81257415,0.6373421,0.855555,0.8915832
ID55,mase,4.0545664,3.9949005,4.0436425,3.9614065,4.06902,4.093595,4.0678587,4.0442853,3.9701412,3.967521,3.991673
ID56,mase,1.2323365,1.1859854,1.2063355,1.3274226,1.253519,0.94716275,1.2762322,1.1623588,1.1450045,1.1806396,1.1625427
ID57,mase,1.714757,1.6743858,1.7659689,1.652542,1.73951,1.806587,1.7855783,1.723422,1.6099269,1.6220053,1.6837255
ID58,mase,1.254892,1.3322268,1.1997867,1.4707872,1.429178,1.1551625,1.3174022,0.96164584,0.79328036,0.79767156,0.7610383
ID59,mase,0.15637486,0.30825478,0.36150932,0.24163401,0.23615061,0.2674252,0.48093534,0.47949386,0.50668204,0.387735,0.3854931
ID60,mase,2.3579936,2.3590975,2.3316796,2.3819244,2.3155491,2.3394969,2.3308554,2.318207,2.343146,2.3484192,2.3324885
ID61,mase,0.9749186,1.0134422,0.987425,1.0021288,0.98458564,0.9722971,1.001292,1.0103568,1.0100509,1.009923,0.9913172
ID62,mase,0.6887572,0.70855683,0.86916536,0.7520937,0.7850223,0.64057314,0.70187515,0.8747495,0.75273925,0.7289833,0.63032687
ID63,mase,1.4795331,1.4857974,1.3470494,1.247757,1.3924172,1.3902304,1.4360373,1.52458,1.4758242,1.457986,1.4632936
ID64,mase,0.8955022,0.87103045,0.9116912,0.9200436,0.93509626,0.89605737,0.94010305,0.87642163,0.86040694,0.8579896,0.85742885
ID7,mase,1.5062218,1.5362197,1.4969565,1.4858592,1.4371939,1.4792495,1.5326397,1.3976882,1.4067146,1.4460618,1.4575783
ID71,mase,0.15989473,0.15459639,0.169504,0.17923978,0.16909017,0.15166204,0.16214079,0.16474922,0.14743795,0.14743795,0.15312976
ID77,mase,0.10559323,0.11695386,0.09288899,0.09057961,0.095750116,0.11393825,0.09959731,0.11381996,0.11605253,0.11408479,0.107741944
ID78,mase,0.22079523,0.22019692,0.20537978,0.23248939,0.2526118,0.20489329,0.20096566,0.24013601,0.25192007,0.2411551,0.24209464
ID79,mase,0.11673519,0.11420978,0.11830587,0.12238656,0.11513151,0.10884439,0.1256786,0.095386915,0.11148969,0.11649541,0.11971596
ID8,mase,0.3928901,0.54140884,0.5729137,0.5703954,0.70235246,0.690768,0.93219227,1.2536596,1.1711707,1.1315209,0.98383635
ID80,mase,0.06511579,0.06047757,0.05351789,0.053407867,0.060305465,0.0646089,0.05356347,0.058087733,0.04289211,0.039554514,0.032713495
ID81,mase,0.49282178,0.54264426,0.54072654,0.49589187,0.5701359,0.40543878,0.45554963,0.5916402,0.57228726,0.5962813,0.57312804
ID82,mase,0.517417,0.4751269,0.51398146,0.4915724,0.49364698,0.4800959,0.49383858,0.5681105,0.5496135,0.5543313,0.58832026
ID83,mase,0.78168726,0.6088473,0.76141715,0.7107287,0.7108744,0.65358937,0.6915681,0.76099527,0.76304674,0.77932936,0.82735854
ID84,mase,0.48714727,0.55939376,0.3653608,0.56877714,0.54266834,0.39525685,0.46929973,0.4296151,0.49734175,0.5093955,0.44299912
ID85,mase,4.138315,4.022314,4.061784,3.9272423,4.150296,4.2553926,4.075626,3.8879435,3.857625,3.841976,3.799999
ID86,mase,3.9594326,3.955663,4.128397,3.8778858,3.9040604,4.061383,3.911976,3.749197,3.711755,3.7568953,3.7950487
ID87,mase,0.5313342,0.5560324,0.5448548,0.5677781,0.5470397,0.545297,0.55548126,0.5489758,0.5532856,0.55129576,0.51989406
ID88,mase,0.7201193,0.8228862,0.77215165,0.6921117,0.78539085,0.83045065,0.7366503,0.75455624,0.59711593,0.5991203,0.71934074
ID89,mase,1.3202534,1.367996,1.2394608,1.4660172,1.474945,1.3135499,1.4442743,1.2512606,1.2422287,1.238056,1.2593769
ID9,mase,1.7616787,1.7457502,1.8884759,2.0919511,2.057436,1.8168538,1.9585078,1.864171,1.7875754,1.7810498,1.7259246
ID90,mase,0.6333412,0.62079257,0.63918257,0.62543845,0.6232926,0.63669074,0.6194159,0.60340136,0.61793625,0.6218017,0.6158872
ID99,mase,0.62388533,0.68564487,0.6175982,0.63531595,0.64202124,0.57373714,0.61503893,0.6024445,0.6385165,0.6190196,0.6149515
ID0,smape,0.30188632,0.30102512,0.29199994,0.2626387,0.27096522,0.3164643,0.26937446,0.22526495,0.24161702,0.25192645,0.26526433
ID1,smape,0.027662124,0.02631458,0.028348638,0.023316149,0.022790655,0.027105011,0.025305405,0.025609866,0.026514329,0.026170969,0.027119031
ID10,smape,0.07875129,0.08049657,0.07833149,0.07752552,0.075289495,0.07746059,0.08005079,0.07317401,0.07356238,0.07555776,0.07618266
ID101,smape,0.013713593,0.01351452,0.013110258,0.013404276,0.012304177,0.01368565,0.012171848,0.013703929,0.01272209,0.012801118,0.012547525
ID102,smape,0.010389736,0.010161328,0.010669115,0.010235293,0.010464656,0.012709696,0.011082755,0.011895526,0.010813209,0.010939464,0.011003945
ID103,smape,0.019843867,0.017813945,0.01830433,0.014066071,0.019806325,0.020908117,0.016343895,0.016872125,0.017574595,0.016944677,0.016569419
ID104,smape,0.008557446,0.010070782,0.011449695,0.010294236,0.01012853,0.009571268,0.011845333,0.011664417,0.011013992,0.010483993,0.01105241
ID105,smape,0.0059004454,0.007957778,0.00627012,0.009002346,0.0075414637,0.0060245655,0.0047212336,0.004145859,0.005261187,0.0049453117,0.004566192
ID107,smape,0.030008512,0.029999096,0.029677782,0.030143283,0.029710323,0.028913228,0.02791695,0.02939485,0.0270471,0.026801491,0.027124811
ID108,smape,0.04836082,0.036355346,0.046184108,0.037707992,0.04096257,0.045445092,0.050520986,0.052345365,0.04940421,0.04879356,0.04633658
ID109,smape,0.31543168,0.30787748,0.31367543,0.31048518,0.3111333,0.30936557,0.31690165,0.3093202,0.30744573,0.30787647,0.30820444
ID110,smape,0.015181636,0.03150939,0.02436782,0.00459324,0.007060545,0.025181985,0.016722726,0.010488939,0.025191555,0.021967404,0.0107316915
ID111,smape,0.01986753,0.016532147,0.020058997,0.019451547,0.021354428,0.017882409,0.019059213,0.016498867,0.018839061,0.019536644,0.018977996
ID112,smape,0.0064797346,0.0072691524,0.005701091,0.0051646987,0.005384936,0.0072319377,0.0061383024,0.0071987943,0.009585662,0.00962011,0.009373396
ID113,smape,0.07629681,0.07725062,0.084708504,0.07332637,0.077168316,0.07309261,0.07789111,0.06964289,0.06877516,0.07206893,0.072596505
ID114,smape,0.059477203,0.05942156,0.054079972,0.056805745,0.061444238,0.056255564,0.051254056,0.06119714,0.051446747,0.053895168,0.05466878
ID115,smape,0.02560699,0.022637848,0.020921316,0.026481103,0.02508011,0.026833953,0.022159813,0.03327513,0.031342365,0.030742846,0.02929597
ID116,smape,0.0030342008,0.0032817835,0.002807369,0.0029171333,0.002901077,0.0031499397,0.0027656208,0.003256259,0.003080119,0.0030070404,0.002911652
ID117,smape,0.0052719386,0.0051191812,0.0051547727,0.005354849,0.0051424825,0.005098258,0.00517683,0.005237568,0.00514223,0.005104855,0.0049713342
ID118,smape,0.0052922335,0.0050942022,0.005020424,0.0049129305,0.0049110586,0.0050189192,0.00488759,0.004889078,0.00440451,0.0045079384,0.004669913
ID119,smape,0.01618746,0.016264807,0.016129775,0.016574716,0.016424261,0.016981086,0.016547073,0.015930684,0.016158698,0.016086195,0.015280364
ID12,smape,0.0035005892,0.003456163,0.0034696064,0.0032280902,0.0035872795,0.0032617892,0.0034092139,0.004088722,0.0040637953,0.004267791,0.0039595873
ID120,smape,0.007913033,0.006469485,0.008146004,0.007899141,0.008081593,0.0065284963,0.00758007,0.0058749346,0.0029820288,0.0029548064,0.0035530366
ID121,smape,0.0093540475,0.009433194,0.009506773,0.009516438,0.009463502,0.009056028,0.009084057,0.009296445,0.008918498,0.009018572,0.009200299
ID122,smape,0.008524947,0.008842612,0.008831384,0.0090716425,0.0085962,0.008152315,0.008702861,0.0094380295,0.009278638,0.009314915,0.009612614
ID123,smape,0.013413079,0.012928819,0.013115946,0.013109934,0.012925883,0.012460377,0.012144508,0.012399277,0.010600513,0.010585835,0.01094973
ID124,smape,0.011674767,0.012074185,0.01239524,0.013054329,0.0131795285,0.010881904,0.013360046,0.012813089,0.010957551,0.011779998,0.012773128
ID125,smape,0.021234458,0.017884072,0.018693026,0.009385249,0.012560197,0.025058052,0.017591193,0.025760505,0.023902122,0.018825546,0.019858954
ID126,smape,0.027441384,0.029329915,0.027404202,0.028406728,0.027752712,0.030767146,0.027798848,0.029300094,0.029143512,0.028892526,0.028526783
ID127,smape,0.005127862,0.0049970504,0.0050302017,0.004854936,0.0047792112,0.0049277954,0.004992274,0.0050291964,0.0049480116,0.0050606458,0.0051560085
ID128,smape,0.0014049358,0.0016445551,0.0012019624,0.001488309,0.0012784667,0.0011460785,0.0012074378,0.0014933271,0.0007516612,0.000686191,0.00054478523
ID129,smape,0.011275625,0.011940395,0.010758547,0.01175675,0.011309863,0.011428516,0.009657546,0.011496805,0.010374419,0.009995373,0.009969159
ID13,smape,0.0337634,0.033447586,0.03546928,0.03581906,0.034301203,0.036613043,0.033761714,0.038157757,0.03832102,0.038252987,0.03932751
ID130,smape,0.0043748165,0.0043916595,0.0041253488,0.0041384334,0.0044155875,0.004349157,0.0041569625,0.0041724397,0.0037408774,0.0036856104,0.00358894
ID131,smape,0.00025899723,0.00026253494,0.00020083028,0.0002029424,0.00029116718,0.00021783332,0.00020167141,0.0001772509,5.5259814e-05,5.5635213e-05,0.00018388637
ID132,smape,0.002989128,0.003344501,0.003278446,0.0026759086,0.0030369367,0.0036679974,0.0032138084,0.0027133387,0.002982354,0.0029638181,0.003260113
ID133,smape,0.009659467,0.008905864,0.009291405,0.008577391,0.008750561,0.009110259,0.008923648,0.007605971,0.007445423,0.0074569285,0.007766884
ID134,smape,0.16192016,0.15517437,0.16132818,0.16025843,0.15995097,0.15375455,0.15657687,0.1516323,0.13583829,0.13578092,0.13891184
ID135,smape,0.00067055784,0.0025273152,0.0017879708,0.0014713439,0.0016921528,0.0035483418,0.00055436674,0.0006147553,0.0016720393,0.0017944202,0.001203682
ID136,smape,0.016141105,0.016523976,0.015764836,0.01901424,0.019473055,0.014492007,0.017772242,0.014517695,0.017433317,0.016325489,0.01638366
ID137,smape,0.026104867,0.02794611,0.028153159,0.031384014,0.029764794,0.02701231,0.029625721,0.029181005,0.028214019,0.028136678,0.027201049
ID138,smape,0.012482372,0.012590329,0.012027675,0.012115413,0.012490967,0.012636359,0.01212197,0.012247806,0.01154854,0.011468742,0.011321669
ID139,smape,0.06171988,0.05988442,0.05987415,0.05983197,0.060615774,0.058815725,0.0599012,0.05877973,0.05872193,0.059038386,0.058784164
ID14,smape,0.029977279,0.02979677,0.032576855,0.03160746,0.031658188,0.031615086,0.032609824,0.033361737,0.033837494,0.033559754,0.034641437
ID140,smape,0.08352529,0.08543791,0.086114004,0.08073877,0.083448604,0.08793396,0.08499943,0.08113041,0.078244716,0.07778615,0.08502044
ID141,smape,0.05092886,0.05166661,0.05064863,0.049098372,0.052401837,0.0521501,0.047308218,0.049521104,0.04877316,0.048134558,0.048743263
ID142,smape,0.0036958186,0.0034437492,0.0026036687,0.003843865,0.0030845425,0.0029580735,0.0037138343,0.003892085,0.004564902,0.004193426,0.0043288018
ID143,smape,0.024337513,0.024501402,0.024280708,0.024791235,0.024624225,0.025139935,0.024747606,0.023680285,0.023988448,0.02390524,0.022971902
ID144,smape,0.058695182,0.059338674,0.058277104,0.057894032,0.058271028,0.058993258,0.058874704,0.05901765,0.059590198,0.059452347,0.05911643
ID145,smape,0.004910929,0.004977449,0.0048946524,0.0048585213,0.0047646197,0.0050002914,0.0051635206,0.0047427705,0.0048026023,0.004764693,0.004914878
ID146,smape,0.015945345,0.016328208,0.015569073,0.01881849,0.019277321,0.014296234,0.0175765,0.014321922,0.017237552,0.016129723,0.016187891
ID147,smape,0.008449978,0.0084105395,0.009006645,0.009212539,0.008697353,0.0076005524,0.008163486,0.008171711,0.008126911,0.008449292,0.008204217
ID148,smape,0.0021471377,0.0020597114,0.002164755,0.00333018,0.003058596,0.0021820876,0.002758518,0.0028618474,0.0019397101,0.0019581546,0.0019007422
ID149,smape,0.0037314312,0.003830941,0.003814905,0.0036267303,0.0034889146,0.0047337804,0.0031627538,0.004223895,0.0038468554,0.003714607,0.0041031623
ID15,smape,0.123688675,0.1255616,0.12453153,0.12616198,0.12457329,0.124038145,0.12394233,0.12072663,0.1243663,0.123819515,0.12340711
ID150,smape,0.0025277343,0.0025193174,0.0026183128,0.0027230675,0.0028576998,0.0032658798,0.003356963,0.0028589396,0.0022143447,0.0026629148,0.0023908527
ID151,smape,0.005111586,0.0052937507,0.0049817096,0.005207503,0.005427406,0.00518849,0.005236835,0.005383651,0.004750463,0.0048972736,0.0050642844
ID152,smape,0.028300278,0.02758648,0.027609333,0.028767293,0.028563228,0.027969671,0.029247176,0.02816903,0.027187353,0.026864663,0.027479555
ID153,smape,0.013092902,0.0069650975,0.022982324,0.0076618874,0.007939824,0.02032305,0.0212581,0.026808508,0.038353026,0.037076354,0.029454004
ID154,smape,0.010661212,0.010744313,0.012245958,0.009529679,0.010145515,0.011492202,0.013509624,0.009597381,0.007457836,0.008010419,0.011342483
ID155,smape,0.012780699,0.009484271,0.011556413,0.006116978,0.005541048,0.015870363,0.005951515,0.0056601176,0.0015973955,0.00083607,0.0021726452
ID156,smape,0.027441384,0.029329915,0.027404202,0.028406728,0.027752712,0.030767146,0.027798848,0.029300094,0.029143512,0.028892526,0.028526783
ID157,smape,0.0448308,0.04490579,0.045575127,0.04610788,0.04568924,0.04407962,0.04504917,0.045500606,0.042977605,0.042694774,0.042698883
ID158,smape,0.03488472,0.03513857,0.03528583,0.03559666,0.035337474,0.03473708,0.03546811,0.035500575,0.03467658,0.03452114,0.034421008
ID159,smape,0.002604543,0.002868125,0.002442618,0.00260831,0.0024962393,0.0023129636,0.001912761,0.0028232995,0.0019563981,0.0017934212,0.0018108198
ID16,smape,0.091391,0.08913492,0.09447456,0.087803684,0.09288438,0.0968276,0.095679134,0.092006624,0.08538106,0.08607892,0.08964779
ID160,smape,0.02958845,0.032139417,0.031272113,0.034164183,0.03268737,0.030303262,0.03256434,0.031671558,0.03180158,0.031704713,0.030741643
ID161,smape,0.021859407,0.022342961,0.021484323,0.021257343,0.021513589,0.022051934,0.02181775,0.02222043,0.022379205,0.022271298,0.022039995
ID162,smape,0.037112534,0.03864536,0.039681606,0.034721896,0.0369287,0.039429203,0.040243484,0.03677234,0.031668864,0.03231107,0.038167022
ID163,smape,0.0493388,0.049638335,0.052022755,0.047089595,0.04806568,0.052206818,0.052222434,0.04534038,0.044040553,0.043822076,0.050741874
ID164,smape,0.19610742,0.1966714,0.20291129,0.19576882,0.19251421,0.19699602,0.20070836,0.19613707,0.19543725,0.19551452,0.19505125
ID165,smape,0.021550907,0.021824876,0.02019695,0.021283496,0.020266173,0.020935293,0.022468824,0.024238829,0.022916678,0.023373595,0.023414742
ID166,smape,0.110824704,0.10979958,0.1080548,0.109502524,0.109624535,0.11102313,0.10666215,0.11190261,0.10926522,0.11009174,0.1093735
ID167,smape,0.06527231,0.06493759,0.06528718,0.064679265,0.06478494,0.064467326,0.065138504,0.06481636,0.06484268,0.065075085,0.065597594
ID168,smape,0.0013902904,0.0014458054,0.0014785731,0.0015032473,0.0015773552,0.0014396617,0.001539507,0.0014698629,0.0015473813,0.0015073969,0.0014677568
ID17,smape,0.07012725,0.07059703,0.070167154,0.07096894,0.07110589,0.070753865,0.06990362,0.07010381,0.07004553,0.06962098,0.06950093
ID173,smape,0.018124059,0.017921763,0.017962364,0.018354207,0.017753387,0.017826552,0.017613959,0.017444868,0.01810815,0.018079648,0.01826722
ID174,smape,0.010168785,0.010958911,0.010633082,0.010373438,0.010745476,0.010450331,0.010847434,0.011414592,0.0108906645,0.010679024,0.010986174
ID175,smape,0.07938192,0.07861552,0.07527274,0.07985074,0.07838719,0.07608177,0.07520419,0.07807194,0.07519714,0.075219996,0.07673718
ID176,smape,0.18277092,0.1800526,0.1865589,0.1769672,0.1714558,0.18325599,0.178922,0.17495644,0.17591347,0.17526387,0.17629929
ID177,smape,0.019604135,0.020641742,0.021749435,0.02472131,0.02299188,0.02021343,0.023642529,0.02213698,0.019860685,0.019851994,0.019348461
ID178,smape,0.0009722889,0.00076987944,0.00071569544,0.0007661974,0.0010343094,0.0011998441,0.000752838,0.0009860785,0.0011238625,0.001225081,0.0013172694
ID179,smape,0.009877499,0.017152473,0.0066322573,0.0067265653,0.0047336253,0.008667149,0.01482212,0.008485932,0.008779349,0.009950541,0.007852897
ID18,smape,0.1480232,0.14843822,0.15100037,0.14917324,0.14618278,0.14889154,0.14785491,0.1490639,0.15008332,0.15041442,0.14931402
ID180,smape,0.00702893,0.006751482,0.013188494,0.008135915,0.010763705,0.0071622687,0.007284509,0.014682557,0.009709113,0.008355771,0.0045422628
ID181,smape,0.09581434,0.10072948,0.09433137,0.09118313,0.100508764,0.08703896,0.09708861,0.11050974,0.11024167,0.115236886,0.10803312
ID182,smape,0.0018650218,0.0028076866,0.0023070623,0.0019857318,0.0027124581,0.0015955913,0.0024178005,0.004639609,0.0035909251,0.0034226282,0.0025077495
ID183,smape,0.003121003,0.0029107179,0.0027563595,0.0020778868,0.002376807,0.0032152063,0.0019899632,0.002188122,0.0027689994,0.0024638388,0.002016084
ID184,smape,0.05138158,0.08522767,0.051260013,0.054945223,0.064968824,0.004352401,0.045062635,0.043652177,0.056594014,0.03777582,0.04234781
ID185,smape,0.16059801,0.15399519,0.14673327,0.14953241,0.13380343,0.16116571,0.16631949,0.14533138,0.15963225,0.15948462,0.16631883
ID186,smape,0.0020558634,0.0018486313,0.0018192071,0.0021030074,0.0019769226,0.0018753699,0.0017798838,0.0019220721,0.0020467932,0.0020556562,0.0020522692
ID187,smape,0.16519365,0.12872976,0.13566028,0.18582684,0.18424739,0.16611418,0.18286411,0.16206984,0.18347545,0.17467278,0.17563011
ID188,smape,0.21772774,0.20689565,0.23079374,0.20472276,0.21487978,0.22640336,0.2225924,0.242224,0.24381462,0.24336663,0.23556066
ID189,smape,0.0041034557,0.0047991555,0.0048392294,0.0048311693,0.0040754927,0.0041731177,0.0037509205,0.003286714,0.003498902,0.0034514228,0.0034284652
ID19,smape,0.045824528,0.04366838,0.045271315,0.044008557,0.043951526,0.04479432,0.04445143,0.04579055,0.046899468,0.04740858,0.04697391
ID192,smape,0.054385677,0.04638944,0.048920557,0.049134035,0.04743048,0.057962984,0.054225624,0.04467214,0.04852839,0.04778627,0.048947006
ID193,smape,0.13589773,0.12022186,0.124080375,0.12525669,0.130323,0.11241595,0.12896863,0.12590289,0.12795696,0.12489766,0.122432664
ID194,smape,0.008999782,0.009324027,0.008349137,0.010542286,0.0077167135,0.008641292,0.007968233,0.007798467,0.008924924,0.009085779,0.008427787
ID195,smape,0.009623557,0.009677091,0.009783731,0.00976683,0.009730859,0.009605252,0.00951621,0.009660138,0.009687739,0.009754581,0.00979355
ID196,smape,0.08327769,0.084929086,0.09590758,0.07158564,0.086148985,0.11076619,0.10381253,0.1211289,0.120073766,0.12492925,0.108228594
ID197,smape,0.0030388404,0.002900115,0.0028062714,0.0027960534,0.0029564365,0.0029648119,0.0028312313,0.002862336,0.0025321855,0.0024472522,0.0022984664
ID198,smape,0.007907728,0.0075638536,0.0077613965,0.0073495014,0.0076306323,0.007913051,0.0075627584,0.007962352,0.007975366,0.0079848,0.007993928
ID199,smape,0.17759678,0.18298337,0.18739423,0.17581536,0.17996769,0.1799207,0.16735509,0.1686361,0.1573679,0.15936244,0.16858572
ID2,smape,0.057315193,0.057661876,0.060008112,0.05294195,0.062018167,0.0606058,0.048078597,0.07043421,0.06731509,0.06735251,0.06928247
ID20,smape,0.04728284,0.046675343,0.047726847,0.046709087,0.045879558,0.04693388,0.046797276,0.046612732,0.04641415,0.04634677,0.046315923
ID200,smape,0.10953936,0.1070768,0.102849,0.09382969,0.09896264,0.10807255,0.09772989,0.101736635,0.109768264,0.109784886,0.11132969
ID201,smape,0.010666406,0.010630673,0.0108156875,0.010917306,0.010837156,0.010418039,0.010565027,0.010701854,0.010010186,0.009944633,0.009980419
ID202,smape,0.06262818,0.056874648,0.054932036,0.05506888,0.059634097,0.062243894,0.061655767,0.0575632,0.052465707,0.05578489,0.056799356
ID21,smape,0.00451116,0.008935892,0.01044268,0.0070260516,0.006866161,0.007804869,0.014002294,0.013987203,0.014759002,0.011370675,0.01129296
ID22,smape,0.067910254,0.06918587,0.06678432,0.066906355,0.067090705,0.06826039,0.06681578,0.06906243,0.068302594,0.06794679,0.06746018
ID23,smape,0.10078134,0.1044813,0.1001117,0.09606878,0.093999274,0.097674854,0.09552945,0.09939829,0.102924004,0.10513979,0.10346152
ID24,smape,0.10028268,0.10373375,0.102618374,0.095766686,0.097131446,0.11685242,0.10218792,0.095744,0.09678528,0.09829296,0.1028042
ID25,smape,0.10028268,0.10373375,0.102618374,0.095766686,0.097131446,0.11685242,0.10218792,0.095744,0.09678528,0.09829296,0.1028042
ID26,smape,0.0706967,0.075267896,0.0770008,0.07995194,0.073521584,0.06554937,0.0750729,0.05436869,0.049082838,0.049915593,0.05235825
ID28,smape,0.26791593,0.24882247,0.25489783,0.27662098,0.24609953,0.25801706,0.22442567,0.26503286,0.25574568,0.2523103,0.26045334
ID29,smape,0.21677278,0.2249496,0.22048059,0.22276041,0.21919993,0.21721902,0.22209886,0.22707698,0.22788107,0.22818004,0.22325635
ID3,smape,0.083075546,0.083788745,0.0877621,0.08328832,0.085589714,0.081944816,0.079683214,0.080663525,0.07968636,0.08170301,0.08400547
ID30,smape,0.13651021,0.13983405,0.13676102,0.13548829,0.13508885,0.13798833,0.13564542,0.1362454,0.13672923,0.13678719,0.13470691
ID31,smape,0.06684693,0.066810176,0.06243452,0.062160768,0.0663563,0.059584092,0.065077275,0.055501565,0.05449613,0.054584086,0.05390345
ID32,smape,0.13595985,0.14070274,0.13946815,0.13513225,0.1528298,0.14790708,0.14951396,0.14817354,0.14282072,0.14205228,0.13727538
ID33,smape,0.024443304,0.026707925,0.0257443,0.027017165,0.02545603,0.026382398,0.024617031,0.025904123,0.029009748,0.029504374,0.029396515
ID34,smape,0.1635794,0.10222735,0.11301177,0.1448369,0.15828866,0.15710571,0.18688312,0.10961781,0.1168867,0.111306444,0.13440454
ID35,smape,0.016627377,0.016621038,0.018194769,0.015162308,0.015928287,0.0148371365,0.017207358,0.012190667,0.012762698,0.012869604,0.01320987
ID36,smape,0.07368849,0.081988335,0.07723811,0.08150965,0.079089336,0.075360775,0.07540847,0.08044239,0.08888255,0.08551589,0.08458501
ID37,smape,0.30557773,0.31443924,0.31717008,0.29459187,0.30442095,0.28900713,0.28871942,0.26044893,0.23092452,0.2421266,0.26297837
ID38,smape,0.059292965,0.06411499,0.06600431,0.061001837,0.049674965,0.07720083,0.054772783,0.056472566,0.054014396,0.0606784,0.05806937
ID39,smape,0.09994717,0.0972068,0.10193617,0.10223742,0.09491934,0.08750002,0.09089053,0.08950479,0.085013,0.08480938,0.08665125
ID4,smape,0.035681,0.035636015,0.036255613,0.036197037,0.03562512,0.03564228,0.036171276,0.036071487,0.0370153,0.03714393,0.03739209
ID40,smape,0.16259214,0.1655311,0.17359246,0.16195524,0.15936472,0.159322,0.16791606,0.16605398,0.16970043,0.17068505,0.16788648
ID41,smape,0.108773485,0.08054024,0.08543355,0.09563533,0.089207076,0.10418465,0.088323995,0.060450554,0.07080321,0.06296134,0.08225012
ID42,smape,0.036173802,0.03775268,0.0362992,0.037202775,0.03597984,0.041504048,0.0341508,0.039391518,0.036246452,0.035758227,0.038088407
ID43,smape,0.0045041936,0.0075498624,0.0048980596,0.007653502,0.006637298,0.007266381,0.0041486,0.0042908913,0.0015553223,0.0014189472,0.00373637
ID44,smape,0.04479926,0.047818054,0.047089607,0.04255395,0.04953122,0.042161293,0.048003804,0.04309121,0.045092814,0.044830393,0.045581713
ID45,smape,0.0074097523,0.0065388116,0.0069945334,0.0060036355,0.0064524696,0.0069054062,0.0076890816,0.006356069,0.0057812817,0.0058741947,0.00613073
ID46,smape,0.06718221,0.06552884,0.06658635,0.06032905,0.06161003,0.07103073,0.062080313,0.061685774,0.05628126,0.056656394,0.055149786
ID47,smape,0.035026677,0.036685273,0.03676882,0.03328153,0.03523843,0.039004494,0.03554132,0.033527263,0.031276017,0.030812202,0.03603042
ID48,smape,0.024736473,0.025052927,0.021331573,0.028963493,0.02792687,0.024690077,0.02563617,0.033514008,0.03491523,0.03350708,0.032349527
ID49,smape,0.047727812,0.048686244,0.051287293,0.04609769,0.04768961,0.053890403,0.047031585,0.048076257,0.046432026,0.045610603,0.049715176
ID5,smape,0.045822404,0.043665677,0.04526783,0.044006534,0.043948818,0.044792186,0.044447765,0.0457848,0.046894245,0.0474033,0.04696827
ID50,smape,0.017770799,0.018261487,0.018046957,0.018246125,0.018380184,0.0179162,0.018052792,0.018038701,0.01801206,0.017853964,0.01774732
ID51,smape,0.082240045,0.08527046,0.08391213,0.08248529,0.08289352,0.079661295,0.085716635,0.08122708,0.079311416,0.078071065,0.08114074
ID52,smape,0.05847162,0.05621145,0.06486556,0.057644047,0.05881007,0.06457192,0.057286657,0.054829527,0.055994913,0.057387546,0.057992846
ID53,smape,0.0033040466,0.011946615,0.015529791,0.013023282,0.008057173,0.00794536,0.0012962524,0.004839951,0.0088754,0.0074660685,0.0050172997
ID54,smape,0.01892871,0.030813668,0.03292568,0.032225776,0.034548815,0.012100091,0.026705552,0.022507608,0.017900769,0.023849405,0.024745962
ID55,smape,0.17937708,0.17728576,0.17899257,0.1761056,0.17988324,0.1807389,0.17984144,0.17901635,0.17641269,0.17631935,0.17717128
ID56,smape,0.02711897,0.026058339,0.026518753,0.029300824,0.027615016,0.02065389,0.02812542,0.025507689,0.025107814,0.025923034,0.025503622
ID57,smape,0.09139106,0.08913527,0.094474874,0.087803915,0.09288475,0.096827865,0.09567947,0.09200679,0.08538142,0.086079225,0.08964805
ID58,smape,0.031341463,0.033186857,0.03000667,0.036515996,0.035491493,0.02891677,0.032811183,0.024182044,0.020102836,0.020230945,0.019331904
ID59,smape,0.00451116,0.008935892,0.01044268,0.0070260516,0.006866161,0.007804869,0.014002294,0.013987203,0.014759002,0.011370675,0.01129296
ID60,smape,0.09833051,0.098382965,0.09710977,0.099447586,0.09635358,0.097479686,0.09706849,0.09648645,0.097644955,0.09788961,0.097151965
ID61,smape,0.018198479,0.018900128,0.018426841,0.018693661,0.018374778,0.01815094,0.018679144,0.018844452,0.018838804,0.018836334,0.018497998
ID62,smape,0.021808792,0.0224726,0.027745098,0.02387944,0.024969952,0.020245876,0.022228673,0.027924923,0.023922974,0.0231347,0.019901507
ID63,smape,0.018987264,0.019065525,0.017310603,0.016042095,0.01788015,0.017856011,0.018434417,0.019556042,0.018941231,0.018716995,0.018784717
ID64,smape,0.019814113,0.019288754,0.020160506,0.020341098,0.02066283,0.019824931,0.020769078,0.019405287,0.019061549,0.019009616,0.0189972
ID7,smape,0.07874667,0.080491714,0.07832697,0.07752173,0.0752849,0.07745641,0.08004698,0.073169276,0.073556885,0.075552076,0.07617741
ID71,smape,0.0033942377,0.003281106,0.0036003294,0.0038078884,0.0035908134,0.0032190564,0.003443074,0.0034989477,0.0031295514,0.003129813,0.003251453
ID77,smape,0.0025839626,0.0028613997,0.0022723293,0.0022173545,0.00234333,0.0027860245,0.0024353764,0.0027819183,0.00283492,0.0027862196,0.0026310072
ID78,smape,0.0039373976,0.003917107,0.0036595082,0.004134009,0.0044969437,0.0036526518,0.003582419,0.0042863972,0.004493583,0.0042974707,0.004314175
ID79,smape,0.0025269224,0.0024742475,0.0025608023,0.0026496674,0.002490584,0.0023540629,0.0027233176,0.0020618073,0.002416016,0.0025263461,0.0025976333
ID8,smape,0.034801565,0.051928654,0.05689661,0.05527331,0.069990136,0.06925357,0.094309285,0.12189522,0.1139914,0.10993695,0.09661828
ID80,smape,0.0015205359,0.0014136414,0.0012505336,0.0012500827,0.001413546,0.0015111286,0.001252667,0.0013567866,0.0010026505,0.0009226547,0.0007611732
ID81,smape,0.012075661,0.013328679,0.0132674575,0.012158835,0.014009966,0.009885575,0.011136478,0.014561547,0.014086133,0.0146834105,0.014098226
ID82,smape,0.014310004,0.013098486,0.014211791,0.013566521,0.013627747,0.0132475365,0.013626152,0.015731616,0.015211714,0.015349166,0.016315771
ID83,smape,0.023460802,0.018167999,0.02280988,0.021272961,0.02127954,0.019538656,0.020673431,0.022786321,0.022853266,0.02335687,0.02482523
ID84,smape,0.01541358,0.017824888,0.0114622535,0.01810059,0.017237172,0.012434015,0.014848626,0.013548512,0.015718423,0.016103402,0.013979001
ID85,smape,0.10015114,0.09765187,0.098444596,0.09556514,0.100470684,0.10270244,0.09885043,0.094699875,0.0939991,0.09363784,0.09272298
ID86,smape,0.16480455,0.16456102,0.17326632,0.16070992,0.16221844,0.16995066,0.1623716,0.1546743,0.15288842,0.15513158,0.15696733
ID87,smape,0.008707449,0.009110176,0.008927018,0.009299882,0.008963517,0.008934775,0.009100999,0.008996438,0.009065073,0.009032335,0.008522838
ID88,smape,0.020648193,0.0232868,0.022046655,0.019790694,0.022262558,0.023660304,0.021010756,0.021531397,0.017231502,0.01730519,0.020658106
ID89,smape,0.039916683,0.041452922,0.037363905,0.0445629,0.04485502,0.039696604,0.043871757,0.037724428,0.03744221,0.037309468,0.037980847
ID9,smape,0.06771107,0.06718669,0.07203741,0.07902341,0.07783459,0.0695509,0.074436106,0.07127818,0.068666495,0.068439335,0.066512205
ID90,smape,0.016684733,0.016351338,0.0168446,0.016476162,0.016415792,0.016766334,0.016312186,0.015895505,0.01628153,0.016385607,0.016233725
ID99,smape,0.03370029,0.036894113,0.033373285,0.034293324,0.03464621,0.031083483,0.033229694,0.032592557,0.03446434,0.033455376,0.03323766
