unique_id,metric,SeasonalMBB,Jittering,Scaling,TimeWarping,MagnitudeWarping,TSMixup,DBA,original,derived,derived_ensemble,QGTS,QGTSE,SeasonalNaive
ID0,mase,0.641675,0.6068588,0.73264307,0.77309453,0.31955126,0.5994881,0.68197286,0.76740235,0.77656597,0.54244053,0.775392,0.72226346,2.0234146
ID1,mase,1.1903818,1.0814583,1.0878732,1.1444536,0.6374574,0.9189958,0.5971601,1.1556206,0.94131416,0.5150171,1.2235358,1.1127932,1.7774295
ID10,mase,1.5089195,1.3625535,1.2421429,1.2223897,1.3010848,1.2124496,1.2596569,1.3054161,1.2316283,1.2469801,1.4080919,1.4494059,1.8304552
ID101,mase,1.438559,1.5451667,1.7361076,0.9464948,0.8587218,1.470521,1.6020199,1.1718004,1.0707676,1.2158906,1.3542922,1.2721349,7.6812987
ID102,mase,0.5973948,0.5769083,0.76271296,0.89778835,0.65281165,0.53480285,0.55771357,0.6023581,0.63032675,0.6951361,0.5335096,0.48506117,1.6502922
ID103,mase,0.54862154,0.5199832,0.32895133,0.73532104,0.40422234,0.6277231,0.6253046,0.56731594,0.706648,0.6545839,0.70178986,0.7059749,2.0384614
ID104,mase,0.24339485,0.3937101,0.7828605,0.5259452,0.3702825,0.33889684,0.3685215,0.36567268,0.4209202,0.46708503,0.37390965,0.37483662,3.302027
ID105,mase,0.23126107,0.24197526,0.15986694,0.35632637,0.14451979,0.35567373,0.43760154,0.28580886,0.37335575,0.42930996,0.4136319,0.42906344,1.8073021
ID107,mase,1.3542914,1.2200674,1.170102,0.82419616,1.1113378,1.3465326,1.2063164,1.4074715,1.3479915,1.2462791,1.4772149,1.5036348,2.9213116
ID108,mase,0.9335587,0.85557735,0.8450549,0.92752504,0.577709,0.843794,0.80308473,0.8845434,0.7737428,0.73633426,0.87071866,0.8982164,0.79044586
ID109,mase,4.5991874,4.5778813,4.503904,4.55113,4.3660245,4.561558,4.336321,4.578036,4.528756,4.397098,4.601838,4.604784,4.5462613
ID110,mase,0.25501317,0.24570586,0.6544934,0.4104649,0.48820603,0.3970543,0.3931071,0.6569206,0.3896942,0.41297323,0.3353036,0.35105574,0.49122807
ID111,mase,0.7485704,0.69525963,0.8051293,0.8227253,0.7195745,0.62335724,0.6517796,0.5937801,0.59440804,0.8119135,0.5912024,0.57260346,1.6375946
ID112,mase,0.37058118,0.4631292,0.6103224,0.93294424,0.59725857,0.36223048,0.46217418,0.33468804,0.38950124,0.51819724,0.31261998,0.28558236,2.897561
ID113,mase,0.8660671,0.7842533,0.8176896,0.28454039,0.67953235,0.560937,0.6188174,0.70499164,0.71194917,0.69622934,0.7283579,0.8073536,0.9585925
ID114,mase,1.3556373,1.1852823,1.5838151,0.5393877,0.9161294,1.1591618,0.84042853,1.16541,0.8699774,0.9771182,1.2518096,1.2513658,2.2757685
ID115,mase,1.3029621,1.4070015,0.6419867,1.5464045,1.6538539,1.439952,1.2635038,1.5035927,1.6415892,1.5534456,1.2827615,1.3492992,1.4956268
ID116,mase,0.104178816,0.04544983,0.06664864,0.049380742,0.05006783,0.09817417,0.0435473,0.12399325,0.10877414,0.0804074,0.16602692,0.16069008,1.3096288
ID117,mase,0.26464006,0.2889262,0.28547356,0.30901375,0.3034267,0.25979707,0.29453507,0.25734663,0.27208725,0.29499537,0.27298126,0.26711708,1.3030236
ID118,mase,0.18010452,0.14358827,0.12492448,0.107674465,0.17732777,0.16081731,0.13422088,0.20045225,0.20082486,0.17547446,0.20002481,0.20941639,1.0729381
ID119,mase,0.7372875,0.6358802,0.6269095,0.86400366,0.64501935,0.6950003,0.6707984,0.7483479,0.7503877,0.7286386,0.7995812,0.80463535,1.7068273
ID12,mase,0.04255401,0.044014163,0.04920256,0.042010862,0.048284072,0.042182613,0.043823406,0.050063554,0.050384853,0.05151877,0.040872004,0.041221436,0.11320755
ID120,mase,0.31691372,0.21566546,0.0711174,0.2944988,0.15522084,0.2774838,0.2030787,0.34141156,0.26742667,0.16117357,0.3948229,0.36098135,2.8591032
ID121,mase,0.42612478,0.42609,0.42539588,0.44300532,0.46597296,0.4207231,0.44519952,0.41031465,0.42544925,0.44881427,0.41603297,0.42092925,0.43619797
ID122,mase,0.39566922,0.41569522,0.45678452,0.36306256,0.44682443,0.39785036,0.41257316,0.39765215,0.38667473,0.389843,0.35938644,0.36789852,1.1764195
ID123,mase,0.64070094,0.5537074,0.48179132,0.27350885,0.4838681,0.6064577,0.53630877,0.6577504,0.6249082,0.560113,0.7021258,0.7022007,2.0938842
ID124,mase,0.40443274,0.357611,0.37817797,0.24708538,0.3979817,0.35530856,0.31355405,0.34417194,0.33256966,0.36614478,0.3288163,0.3867066,0.602953
ID125,mase,0.5343465,0.6926444,0.4629135,0.7875967,0.3160101,0.7302955,0.6257276,0.6321195,0.39055067,0.60225374,0.6372491,0.602332,0.16764669
ID126,mase,1.5036751,1.5504605,1.8102318,1.4809916,1.5220503,1.4141295,1.5195036,1.4554789,1.510736,1.4445963,1.5286746,1.5288427,2.4829545
ID127,mase,0.44244304,0.5056708,0.4572314,0.33606604,0.36268634,0.44682133,0.48912475,0.38859463,0.37406132,0.41870052,0.38591877,0.38040343,2.4201362
ID128,mase,0.035753585,0.09812183,0.07304899,0.2612064,0.13615234,0.038164508,0.09071745,0.035960995,0.061852474,0.109184355,0.07544522,0.083928876,2.2648525
ID129,mase,0.30805352,0.17158736,0.25731772,0.17646107,0.1937561,0.3023383,0.17684028,0.36384743,0.34770042,0.26648793,0.43577284,0.44638127,3.544681
ID13,mase,1.0785494,1.1251967,1.0327562,1.152966,1.068065,1.1568484,1.1017476,1.196229,1.1790593,1.1720663,1.0901862,1.1393431,1.4522916
ID130,mase,0.19119847,0.24704169,0.2096691,0.21829769,0.2030821,0.17623734,0.24222383,0.15910093,0.2076764,0.25736898,0.20387861,0.19016618,2.8455555
ID131,mase,0.030234085,0.08467331,0.022245988,0.028821375,0.053285487,0.039794162,0.0819709,0.0066983993,0.021882128,0.04527926,0.019045053,0.014195737,1.3034129
ID132,mase,0.14361128,0.1437874,0.11208591,0.10658863,0.11524784,0.15143685,0.12635158,0.16446146,0.14686362,0.13755864,0.15570599,0.13435797,1.029176
ID133,mase,0.8197268,0.8163398,0.99774617,0.6176035,0.6442001,0.8213698,0.803572,0.7625983,0.6534536,0.6507814,0.7975558,0.7617469,1.7207462
ID134,mase,1.6692427,1.5163391,1.2903454,1.1326522,1.3002723,1.595002,1.4912415,1.7016491,1.605889,1.4678808,1.7833819,1.7480502,3.1866133
ID135,mase,0.04077134,0.1719662,0.2283015,0.5275786,0.14321983,0.23557203,0.35870448,0.22308765,0.34093577,0.5119007,0.24401353,0.22431938,0.8353081
ID136,mase,0.57051545,0.590478,0.4049104,0.5383789,0.44060743,0.5732381,0.36754748,0.5243023,0.54125106,0.41292074,0.5433893,0.51904035,0.35698783
ID137,mase,0.9173407,0.8138774,0.56214577,0.37825876,0.76432526,0.87633866,0.870839,0.9629826,0.9009286,0.7704019,0.93740577,1.0345365,1.0893016
ID138,mase,0.32405186,0.3692051,0.34456167,0.3412034,0.3149772,0.30825156,0.36881205,0.2877509,0.334851,0.37890434,0.33320346,0.32057557,2.3620977
ID139,mase,1.5149562,1.509327,1.5279231,1.4406084,1.452416,1.5571557,1.6390147,1.4862233,1.607254,1.479981,1.5501602,1.5596484,1.3930285
ID14,mase,0.79607576,0.77013236,0.81763273,0.8322402,0.80236524,0.71574956,0.73466516,0.80109704,0.8213631,0.7815817,0.74143577,0.78381944,0.4299994
ID140,mase,2.629073,2.9805493,3.1477063,3.424544,2.966526,3.1421618,3.5258625,3.1867702,3.4274914,3.3513925,3.2555575,3.1888635,0.5714286
ID141,mase,2.4257789,2.489383,2.2144506,2.7298386,2.2067783,2.6915655,2.7829893,2.519959,2.7000067,2.8034825,2.7139378,2.7572782,1.0826771
ID142,mase,0.2744467,0.19892089,0.45472488,0.11801946,0.2834294,0.22805013,0.2032546,0.25629056,0.25209957,0.20051424,0.21584699,0.1995982,0.8503401
ID143,mase,1.051161,0.95718807,0.8986148,1.183485,0.9481154,1.0114083,0.9894434,1.061638,1.0699173,1.0512282,1.1204352,1.1195275,1.574074
ID144,mase,1.6316462,1.4949142,1.4319814,1.2605348,1.3690895,1.5877181,1.4939046,1.6505302,1.6465518,1.5253496,1.7210786,1.7433023,1.1627907
ID145,mase,0.36444923,0.33535206,0.30026796,0.3310921,0.338932,0.37193522,0.31521216,0.3150287,0.28815326,0.27874944,0.3605135,0.3596945,0.65575624
ID146,mase,0.5630503,0.58297837,0.39773136,0.53096926,0.43336675,0.56576824,0.36043304,0.516917,0.5338365,0.4057279,0.53597105,0.5116641,0.3498916
ID147,mase,0.4504539,0.41624206,0.5231377,0.4268892,0.44097725,0.40332603,0.44416273,0.42979932,0.46166712,0.43211037,0.4290906,0.44051167,0.6132707
ID148,mase,0.09756236,0.07624569,0.19263938,0.10194151,0.106030464,0.054642756,0.13329387,0.064531706,0.08439084,0.1358683,0.072055854,0.07387171,0.15455092
ID149,mase,0.105757244,0.13712153,0.15422666,0.12605344,0.120395124,0.15458354,0.19490735,0.16370696,0.17384367,0.14490114,0.16634902,0.15002595,0.13126473
ID15,mase,1.5101347,1.3851124,1.4229162,1.1895167,1.3840266,1.4819912,1.3878763,1.4983603,1.5396417,1.3540391,1.574819,1.6124697,1.8256366
ID150,mase,0.15008062,0.11731511,0.28976113,0.17347762,0.22893454,0.09623164,0.26459318,0.13063225,0.16113529,0.2038061,0.1418771,0.14386211,0.20503615
ID151,mase,0.19589683,0.18268701,0.256196,0.20079298,0.19863552,0.17963797,0.20270053,0.18662299,0.19872095,0.19440137,0.19308028,0.19514881,0.14474365
ID152,mase,0.42570972,0.4080946,0.40883288,0.39611834,0.450021,0.38899365,0.408232,0.39154902,0.43341303,0.42453545,0.4180276,0.42000923,0.46729
ID153,mase,0.8352216,1.502742,0.54303867,4.0625076,2.3866858,1.6851271,2.065611,1.4364678,1.5627254,1.902685,1.1056882,1.1259366,2.8177965
ID154,mase,0.5473759,0.86680335,0.84878033,1.4353176,0.82591146,0.9358024,1.3409528,0.97172874,1.2498432,1.3335611,1.0800929,1.0425439,1.3285024
ID155,mase,1.135774,1.2931919,0.85767245,1.4626812,0.8393781,1.0758718,1.0619789,0.9249266,1.174883,0.94607276,1.1454905,1.1294986,0.8336815
ID156,mase,1.5036751,1.5504605,1.8102318,1.4809916,1.5220503,1.4141295,1.5195036,1.4554789,1.510736,1.4445963,1.5286746,1.5288427,2.4829545
ID157,mase,1.1367679,1.0095769,0.9420014,0.6049411,0.88108426,1.1317031,1.013348,1.1864223,1.1470538,1.0072562,1.2047344,1.2424004,1.7381536
ID158,mase,1.0927577,0.9901811,0.93199986,0.7177202,0.8991396,1.071466,1.0001932,1.1185374,1.1091065,0.9943966,1.1481733,1.1663857,0.95053196
ID159,mase,0.06529004,0.023504335,0.029701006,0.20841879,0.08859227,0.05991276,0.02599535,0.096740335,0.06530498,0.0076940656,0.13315074,0.13768077,2.0414534
ID16,mase,1.819458,1.8280249,1.9726048,1.5153314,1.6801306,1.7687948,1.6756517,1.7999066,1.5898693,1.6751378,1.8316511,1.8060584,2.4200675
ID160,mase,1.0428855,0.95235986,0.72453195,0.56450385,0.9133311,0.9975183,1.0152295,1.0661335,1.0191343,0.92126596,1.0619342,1.1552051,0.7446038
ID161,mase,0.7908428,0.6667199,0.6285962,0.4635518,0.55056757,0.75613946,0.66415834,0.8090992,0.79747486,0.70226294,0.8766304,0.8901663,1.7895588
ID162,mase,1.3534657,1.7645156,1.8243861,2.3736932,1.7397964,1.9079119,2.3282552,1.9159234,2.2050395,2.2856152,2.0200105,1.9464117,0.75376886
ID163,mase,1.6595744,1.8961263,1.9866855,2.41333,1.8606797,1.9797382,2.4281673,2.071962,2.363541,2.2860036,2.1759386,2.1466467,0.3829787
ID164,mase,2.890444,2.6377218,2.6959395,2.5591269,2.483694,2.4916556,2.3025196,2.673671,2.5450797,2.2329671,2.7192357,2.802203,3.0069637
ID165,mase,0.31794563,0.26787838,0.22692059,0.20178683,0.27532902,0.28066403,0.28037632,0.25474203,0.24633507,0.20245612,0.2738478,0.27597967,0.3997599
ID166,mase,1.9820169,1.9555279,1.9648968,2.0458465,1.8205404,2.0187802,1.97356,1.9833915,1.9052212,1.9235771,1.9624753,2.0014508,1.9655173
ID167,mase,1.8998227,1.966841,1.8929839,1.841178,1.9029217,1.9113805,1.9564533,1.8644148,1.8714123,1.9038199,1.8388238,1.8457597,3.536042
ID168,mase,0.1675893,0.12952831,0.13895902,0.2898361,0.2709374,0.16438842,0.13693017,0.21759988,0.23311141,0.19956662,0.20260702,0.2067249,1.2620192
ID17,mase,1.3618102,1.2867911,1.3452857,1.4173754,1.4156011,1.3531661,1.2993636,1.4137989,1.4255563,1.3774318,1.4267687,1.4388058,0.93955517
ID173,mase,0.38302475,0.36950877,0.38277116,0.45217597,0.3686115,0.36217493,0.36650977,0.35645816,0.38751614,0.4566236,0.3735249,0.36860242,0.38770822
ID174,mase,0.15810288,0.1811398,0.24938956,0.18059357,0.160819,0.15787913,0.17151426,0.15070453,0.16804361,0.17896354,0.16262048,0.159234,1.0432191
ID175,mase,0.24389178,0.23429762,0.2476882,0.20082182,0.2223293,0.23054895,0.21682474,0.23182982,0.22075255,0.22635344,0.23591413,0.23658629,0.27427596
ID176,mase,3.0239098,2.7714546,2.8030493,2.7128122,2.4145758,2.5086582,2.2012732,2.794541,2.6225383,2.131816,2.8679988,2.9485617,3.3308551
ID177,mase,0.33224332,0.38048849,0.36804166,0.39289224,0.39492175,0.33974174,0.35211015,0.36094004,0.3632846,0.3755553,0.35499898,0.39848816,0.9008314
ID178,mase,0.04560935,0.08642794,0.09035277,0.12527867,0.1471684,0.13942404,0.2258538,0.066364475,0.12519698,0.25739223,0.046753034,0.037779663,0.07614206
ID179,mase,0.060904495,0.10733157,0.09047933,0.056685057,0.06988397,0.09792262,0.1717275,0.08649831,0.1857325,0.03223518,0.15522194,0.18400916,0.5786026
ID18,mase,1.3237588,1.2419963,1.2533027,1.2646463,1.2521298,1.2938249,1.2134475,1.2428174,1.2217375,1.20801,1.2385815,1.2679725,1.5177279
ID180,mase,0.025781916,0.05778095,0.16420111,0.12623657,0.59415054,0.20697859,0.15416189,0.11434686,0.21901128,0.15566255,0.0512258,0.053769358,1.535254
ID181,mase,1.774124,1.8432355,2.5062551,2.7664223,2.0159125,1.8016455,1.7246718,2.0586543,1.9191458,2.0350943,1.7160648,1.7161316,5.72165
ID182,mase,0.061029654,0.052833408,0.31391945,0.3415163,0.7182741,0.12789805,0.23207939,0.25053367,0.14605524,0.07613611,0.19296187,0.21184942,2.7380283
ID183,mase,0.39140236,0.567949,0.7550564,0.90707684,0.15792494,0.3466631,0.4303552,0.6727697,0.29999623,0.19838339,0.63207525,0.56530255,2.999998
ID184,mase,0.26285926,0.461337,0.28675562,0.8118548,0.09503565,0.63489485,0.5261256,0.2575286,0.28384873,0.28582054,0.5326933,0.6883721,2.8151262
ID185,mase,1.3957835,1.252915,1.566403,1.9103472,1.3398583,1.6899737,1.3011376,1.7280793,1.7037216,1.3023611,1.4528514,1.4317234,2.4489794
ID186,mase,0.21608625,0.24888176,0.2489744,0.27346474,0.244533,0.26617596,0.25223324,0.2337483,0.2455657,0.2500425,0.2190045,0.22810255,0.35714287
ID187,mase,0.6891932,0.78120744,1.0375403,0.46283478,0.6246452,1.1146433,1.35693,0.6636705,1.1211423,0.7295433,0.9385107,1.2206718,0.8241758
ID188,mase,4.0723715,4.4065948,3.2072837,6.316873,5.1551366,4.5288725,4.7294526,4.3789306,4.3991165,4.826052,4.2274094,4.1398096,0.95864654
ID189,mase,0.17915624,0.15288875,0.25396073,0.15282884,0.1750361,0.13292561,0.17608514,0.15925579,0.18492575,0.16015647,0.16022466,0.1669483,0.37439597
ID19,mase,0.57785785,0.5629968,0.6626159,0.53279155,0.5964252,0.59999627,0.5319282,0.6146631,0.57850224,0.56826484,0.5830834,0.5875155,2.1662853
ID192,mase,2.851314,2.5040917,2.552199,2.3506036,2.111386,2.492157,2.9400837,2.7429266,2.7373931,2.28808,2.74168,2.6449192,0.91463417
ID193,mase,2.9569397,3.0165865,2.6906679,2.4004028,2.7286923,3.2290418,3.13111,3.0461397,2.8081417,2.6747022,2.9801092,3.323554,1.374868
ID194,mase,0.67339164,0.6345482,1.0314236,0.18298647,0.41299886,0.60037225,0.66105354,0.61619216,0.6095496,0.43305966,0.5751842,0.64540136,2.1226304
ID195,mase,2.5122392,2.4259827,2.252074,1.9864738,2.448112,2.424445,2.3108156,2.5265617,2.3156762,1.9346681,2.3682787,2.4814076,2.10476
ID196,mase,0.43637788,0.5859959,0.78295135,0.9148257,0.74526966,0.8763293,0.811431,0.70616007,0.7848015,0.76241165,0.51615876,0.5287617,0.33703357
ID197,mase,0.13719405,0.1670866,0.15501957,0.16370468,0.14006595,0.12239933,0.17679577,0.11360874,0.14169216,0.17706145,0.14979248,0.13511391,1.925
ID198,mase,0.6222154,0.655185,0.6958426,0.7360008,0.6608176,0.63794017,0.6179231,0.61783326,0.617411,0.63937575,0.60133946,0.5808283,1.1333333
ID199,mase,2.7547174,2.6677184,2.5070856,2.1298866,2.3807228,2.8178787,2.8231535,2.7476573,2.7692528,2.0482707,2.6239634,2.8202388,2.4128654
ID2,mase,1.5906171,1.5624908,1.3110381,2.1376598,1.1088253,2.1320386,1.5077163,1.7534543,1.3527436,1.7112914,1.5412977,1.600639,1.233998
ID20,mase,2.1440575,2.0668447,2.0788665,2.0550508,1.9881622,2.0032697,1.9304252,2.070701,2.0308292,1.9212815,2.0854626,2.1174989,2.1860843
ID200,mase,1.8714372,2.0334756,2.294251,2.7031975,2.1212308,1.9217255,1.9852945,1.7968584,1.8329558,2.128973,1.814522,1.7024177,5.0329757
ID201,mase,0.9400413,0.8502328,0.80340266,0.53754044,0.74918646,0.9423913,0.8487054,0.98194283,0.93823576,0.84662336,0.99336326,1.0212641,1.2861842
ID202,mase,0.27853197,0.2848953,0.3968202,0.06272437,0.18680713,0.27012601,0.21566589,0.2698963,0.19208248,0.18108253,0.27552277,0.2620924,0.69105685
ID21,mase,0.2761918,0.32712942,0.39392155,1.0986075,0.3352364,0.72229517,0.47511193,0.36936435,0.37551385,0.3584874,0.24028517,0.24446142,0.5606472
ID22,mase,3.2291293,2.8605683,2.888396,2.3089492,2.5389154,3.1767988,2.8466284,3.3280506,3.247808,3.0345159,3.5831544,3.5681336,5.221981
ID23,mase,1.3999677,1.1826075,1.3370078,1.7509252,0.8954328,1.430593,1.1592009,1.5389451,1.6004244,1.0209196,1.4535928,1.3920722,2.5647058
ID24,mase,1.3386,1.306941,1.4926933,1.3887743,0.9310316,1.3187684,1.4415073,1.5224651,1.4607618,1.2533226,1.5602629,1.4356326,3.026011
ID25,mase,1.2049758,1.1764772,1.3436869,1.2501415,0.8380925,1.1871239,1.2976106,1.3704869,1.3149431,1.1282111,1.4045116,1.2923223,2.723943
ID26,mase,1.2237482,1.1034847,1.0058811,0.9303085,1.0302784,0.9431728,0.9612158,0.93190944,1.0461332,1.0214285,1.2162024,1.2403929,2.1117053
ID28,mase,2.2263725,2.4912007,2.4090433,2.0985475,2.107268,2.5115106,2.3034015,2.557758,2.7875364,2.2456815,2.6562328,2.4031646,3.0583684
ID29,mase,1.2929028,1.2925283,1.1215466,1.4179736,1.3716085,1.3322581,1.2746106,1.3735582,1.3522376,1.3625304,1.3425919,1.312153,0.52228415
ID3,mase,4.154238,3.8620782,3.282605,2.8326812,4.076097,3.9198895,3.6364076,4.2612195,3.653052,2.5616333,3.6943378,4.172473,2.7211468
ID30,mase,2.2317512,2.2612927,2.17407,2.1585646,2.1990135,2.2833655,2.261936,2.267722,2.2547565,2.1752012,2.264949,2.314039,1.7541614
ID31,mase,0.88913107,0.8520626,0.88380224,0.7820093,0.8994032,0.81729835,0.8355235,0.793191,0.7807978,0.79053783,0.87721044,0.81631315,1.3923999
ID32,mase,1.1465038,1.2052834,1.1517422,1.3576456,1.2951965,1.2218094,1.2337198,1.2067659,1.2972707,1.3962182,1.2022215,1.2101251,0.9528595
ID33,mase,2.3836734,2.3697944,2.615785,2.2846694,2.0569906,2.7472942,2.2699432,2.7319143,2.5840821,2.1038644,2.5424125,2.5833464,3.9078948
ID34,mase,0.45038295,0.42706135,0.75948817,0.399698,0.11950674,0.3682432,0.5281208,0.5423697,0.4366755,0.22572652,0.36421883,0.5470692,1.2067039
ID35,mase,0.8696867,0.77598774,1.1663922,0.64639634,0.6189503,0.7289686,0.86200917,0.7296552,0.63568324,0.70005447,0.8376502,0.79489595,2.2772276
ID36,mase,0.7526218,0.76699126,0.4733811,1.3612303,0.95647466,0.86371106,1.0365638,0.82596725,1.1916606,1.0867342,0.799459,0.847605,0.5676745
ID37,mase,1.7986115,1.7501354,1.5348548,1.2271397,1.7331208,1.8506737,1.8553226,1.9156191,1.8659644,1.2367384,1.7522101,2.0149403,1.29101
ID38,mase,0.48524496,0.4717777,0.5711189,0.650517,0.53999716,0.40748724,0.42855346,0.51106244,0.49229896,0.5645709,0.47675344,0.40393895,0.8505703
ID39,mase,0.9481365,0.8547353,0.8519504,0.5472339,0.5707395,0.8452032,0.87877846,0.7888419,0.7294436,0.6135514,0.8489632,0.869266,0.9867602
ID4,mase,0.9991432,0.92984384,0.9732857,0.96661645,0.9945584,1.0207735,0.93288404,1.0446769,0.9810021,0.91597056,0.98280656,1.001782,3.28451
ID40,mase,1.196696,1.1486015,1.3829732,1.1295197,1.1225567,1.1902734,1.2123955,1.1595932,1.1655352,1.129658,1.1987399,1.1735005,1.9982201
ID41,mase,0.25775796,0.3375804,0.41651154,0.5055986,0.05043808,0.23999994,0.24782449,0.37989345,0.2210621,0.1391959,0.3783429,0.32988662,1.448036
ID42,mase,1.4077871,1.6598166,1.7653108,1.9782728,1.5475975,1.8346518,2.1030676,1.8449076,1.9302763,2.0382135,1.9068325,1.7615141,0.64435786
ID43,mase,0.17382118,0.36724412,0.42304993,0.9684682,0.32006866,0.5296245,0.68201333,0.45709193,0.6496785,0.9021881,0.54531205,0.50857586,1.6763848
ID44,mase,0.7226758,0.73467165,0.56821054,0.7718736,0.7520694,0.82202595,0.7614881,0.77040404,0.7388556,0.79308015,0.7624504,0.74321204,0.4166667
ID45,mase,0.14840998,0.13133569,0.08674047,0.05772861,0.11207478,0.1267763,0.11917704,0.15486859,0.1474789,0.12810622,0.16416936,0.14670566,0.5273433
ID46,mase,2.683077,2.7885437,1.976355,2.9345896,2.4917567,2.631507,2.6700578,2.5353801,2.7169387,2.6137018,2.695834,2.691715,1.2773722
ID47,mase,0.99296004,1.2256014,1.3459325,1.4735111,1.2090585,1.3406647,1.5730458,1.3652619,1.511036,1.4574242,1.4001257,1.3571888,0.41269842
ID48,mase,0.93683165,1.0455759,0.3656721,1.1904824,1.2361964,1.1541239,0.86626565,1.1027944,1.1869532,1.187064,0.9058882,0.9387168,1.3541666
ID49,mase,1.1051115,1.4124498,1.5212872,2.0998669,1.3552138,1.3855327,1.780104,1.4800558,1.7444197,2.0707674,1.435798,1.3631247,1.2055137
ID5,mase,0.5778455,0.5629697,0.6625875,0.5327817,0.5964013,0.5999737,0.53192896,0.6146418,0.57847995,0.5682396,0.58307064,0.5875029,2.166205
ID50,mase,0.5228854,0.5208277,0.5581004,0.5343543,0.5030789,0.5287764,0.53522295,0.49747327,0.49263284,0.506819,0.5094752,0.5107631,1.0
ID51,mase,1.5533711,1.6745932,1.3288423,1.8261644,1.7078407,1.7316536,1.758441,1.697521,1.5897158,1.7728057,1.6489067,1.7761744,0.95744675
ID52,mase,1.6099983,1.4380419,1.9173139,1.3109463,1.3094413,1.3848281,1.4120817,1.3905662,1.3954502,1.2828916,1.5257972,1.454953,3.28125
ID53,mase,0.44553846,0.16086094,0.9774096,0.24993351,0.39983416,0.064132325,0.36756968,0.2797172,0.45099288,0.29292879,0.21449073,0.30605435,1.7460316
ID54,mase,1.1349388,0.7556811,1.6655967,0.80757594,1.1044321,0.77267677,1.014281,0.99577403,1.0826135,1.0327697,0.8594672,0.98121935,2.242268
ID55,mase,4.0004463,4.0526342,3.9197404,4.1996274,3.983243,4.1111255,4.121153,4.028596,4.092844,4.1590934,4.112131,4.100604,2.923946
ID56,mase,1.3408058,1.1548339,0.9432456,1.5465349,1.4049993,0.80136824,1.5376548,0.9940847,1.0038227,1.480803,1.009409,1.0453379,0.91397774
ID57,mase,1.8194382,1.8280013,1.9725777,1.5153174,1.6801089,1.7687727,1.6756315,1.7998831,1.5898508,1.6751179,1.8316267,1.8060361,2.420024
ID58,mase,1.6159842,1.3698142,0.868029,1.0325792,0.7498888,0.93408835,0.8319094,1.2952714,0.65522206,0.72106934,1.2956879,1.1770477,1.3606694
ID59,mase,0.2761918,0.32712942,0.39392155,1.0986075,0.3352364,0.72229517,0.47511193,0.36936435,0.37551385,0.3584874,0.24028517,0.24446142,0.5606472
ID60,mase,2.3330407,2.3232667,2.452578,2.1869488,2.253648,2.3110955,2.3399498,2.3092377,2.305287,2.2553036,2.3008685,2.3226893,2.8290734
ID61,mase,0.9765455,0.98518616,0.8596538,1.0337374,1.0158945,1.0059823,0.97441864,1.0165277,1.0087299,1.0200953,1.0073287,0.98422235,0.6934673
ID62,mase,0.590183,0.5964613,0.5126977,0.48044896,1.2979124,0.8140089,0.41277733,0.45577222,0.83820647,0.8100228,0.61711437,0.5022287,1.5276753
ID63,mase,1.1730039,1.3161111,1.1929337,1.2284526,1.2346652,1.372475,1.5191109,1.3724564,1.574191,1.4069731,1.3847324,1.3275173,0.21714157
ID64,mase,0.8890113,0.8565631,0.7544878,0.67564964,0.8166894,0.8845688,0.8584541,0.896635,0.8689947,0.82280433,0.9188546,0.90846294,0.73684216
ID7,mase,1.5087634,1.3623952,1.2419958,1.222236,1.3009266,1.212296,1.2595028,1.3052558,1.2314857,1.2468342,1.4079431,1.4492475,1.8302919
ID71,mase,0.18596831,0.22882462,0.25325143,0.27336198,0.26771414,0.1994436,0.22946681,0.18130144,0.17785785,0.21535148,0.15301181,0.14178474,1.1241829
ID77,mase,0.06449845,0.0069952323,0.032762125,0.07659974,0.056665443,0.052439526,0.017925063,0.075280845,0.06617133,0.029491385,0.11990591,0.12190102,1.3378868
ID78,mase,0.16228063,0.14558557,0.28563187,0.16796401,0.19720632,0.1373095,0.1439797,0.15266615,0.17449702,0.13684377,0.15799446,0.16437761,0.22193076
ID79,mase,0.157134,0.23190409,0.21854012,0.35805786,0.29047242,0.16461563,0.23381025,0.13123758,0.15128465,0.19664079,0.111433595,0.099464305,1.9231812
ID8,mase,0.5810444,0.4085496,0.71661526,0.57844627,0.558243,0.6757723,0.66849893,0.8021068,1.0141354,0.56037,0.6977026,0.6247067,0.7216747
ID80,mase,0.07330457,0.12554228,0.09469051,0.08364822,0.053133596,0.07734238,0.11319151,0.03605817,0.064797506,0.097695686,0.073538765,0.059564386,1.8460575
ID81,mase,0.47493762,0.5158745,0.5705081,0.5048613,0.59791,0.554811,0.4614805,0.50699484,0.43737113,0.5376535,0.4784971,0.46824205,1.0375717
ID82,mase,0.56963444,0.6054434,0.7509597,0.44842595,0.635649,0.57015365,0.5746703,0.5447664,0.53493404,0.52516466,0.48734626,0.51445574,2.6438124
ID83,mase,0.8188389,0.78857905,1.1904596,0.65799546,0.781824,0.75994605,0.76011294,0.7667547,0.75792074,0.6703218,0.6705272,0.74024683,3.0711172
ID84,mase,0.49722588,0.394356,0.7682098,0.49051294,0.36197028,0.42873064,0.37870356,0.33548307,0.40528306,0.42837122,0.39227548,0.41681832,1.6303631
ID85,mase,3.8871248,3.8967361,3.4773095,4.179399,3.7540305,4.0017896,3.968423,3.8843925,3.9873583,4.0597744,4.1558194,4.044901,1.0492228
ID86,mase,4.1065598,3.9719098,4.5844765,3.8267488,3.7923396,3.8748012,4.0818353,3.9133315,3.8840108,3.8118498,4.056417,4.0651965,6.216418
ID87,mase,0.512297,0.46693859,0.4047401,0.6281449,0.50617075,0.50186557,0.48988646,0.5482849,0.54092574,0.53243506,0.55802995,0.549765,1.1665987
ID88,mase,0.79634434,1.0577333,1.1221771,1.6689831,1.0403796,1.2440914,1.490935,1.1585361,1.3426564,1.5549748,1.2376361,1.1945767,1.1045752
ID89,mase,1.051976,1.1889364,1.2199405,1.1137304,1.6763725,1.3352928,1.5165461,1.1841141,1.3277937,1.7310759,1.1149313,1.1006114,0.688405
ID9,mase,1.7132103,1.5619103,1.0982653,1.0402027,1.3621879,1.6904322,1.5925453,1.7785151,1.6380996,1.3996117,1.7822714,1.8792377,2.6258903
ID90,mase,0.64929086,0.60137707,0.641696,0.61875796,0.6078084,0.65366596,0.6308494,0.64496833,0.61727214,0.5992992,0.63027793,0.63784295,2.0514135
ID99,mase,0.5672221,0.58267206,0.50402683,0.43814778,0.5430879,0.6037276,0.59255034,0.56980044,0.55685145,0.51675904,0.60127217,0.6170401,0.44457856
ID0,smape,0.31801757,0.3060366,0.34478766,0.34738734,0.20091444,0.30358326,0.32747412,0.35156223,0.3556471,0.28568897,0.35408026,0.3406384,0.582232
ID1,smape,0.034297414,0.031256907,0.031431854,0.033009864,0.01866265,0.02668596,0.017498638,0.033326693,0.027314696,0.015133131,0.035210274,0.032133758,0.05035425
ID10,smape,0.07894532,0.07125445,0.06528894,0.06412186,0.06809057,0.063747175,0.065981105,0.06833418,0.064594895,0.06544302,0.073380984,0.07564969,0.0952381
ID101,smape,0.014740597,0.015846308,0.017834011,0.009626538,0.008752571,0.015085114,0.016423292,0.011991056,0.010928119,0.012415658,0.013855668,0.013011181,0.08416291
ID102,smape,0.013443958,0.012959085,0.017275183,0.020453066,0.014721219,0.0119983,0.012510522,0.013541634,0.014185547,0.0156916,0.011964526,0.010844512,0.038541503
ID103,smape,0.01855136,0.017835775,0.01145338,0.025027737,0.014011728,0.021227498,0.021353865,0.01938229,0.023998803,0.022348383,0.023743283,0.02379336,0.07479355
ID104,smape,0.0063321227,0.01040849,0.02061095,0.013995596,0.009782179,0.008960795,0.009778917,0.009619044,0.011089383,0.012476373,0.01003514,0.009987483,0.09579012
ID105,smape,0.0055274097,0.0059526535,0.003917737,0.008890407,0.0035120463,0.008672981,0.010827024,0.007046556,0.009263458,0.0106563475,0.010147115,0.010463724,0.047724474
ID107,smape,0.02744184,0.024824236,0.023821305,0.016929656,0.022679206,0.027286083,0.024549393,0.028486023,0.02733251,0.025349848,0.029876163,0.030381113,0.06490578
ID108,smape,0.046459917,0.042818915,0.042538676,0.046248343,0.029391438,0.042200953,0.040271707,0.044148393,0.038984813,0.037058063,0.043523464,0.044803184,0.039282326
ID109,smape,0.3123947,0.31156147,0.3104676,0.3111405,0.3038008,0.31057107,0.30316332,0.31151494,0.31029227,0.30514646,0.3125545,0.31257406,0.308668
ID110,smape,0.01601342,0.015261696,0.040525317,0.025538808,0.02956817,0.023789704,0.02378121,0.03967028,0.024206467,0.023722963,0.021035314,0.02255992,0.025547445
ID111,smape,0.027695684,0.02562654,0.02988047,0.030634545,0.02659098,0.022810038,0.023890736,0.021678517,0.02170167,0.030249909,0.021605555,0.020883504,0.063951194
ID112,smape,0.0075199786,0.009397979,0.012425687,0.01910612,0.012145257,0.007345316,0.00938222,0.0067852074,0.007898003,0.010526918,0.00633363,0.005788435,0.0619185
ID113,smape,0.08098677,0.07263456,0.07580893,0.025073886,0.062235344,0.05074573,0.056301076,0.06474021,0.06537107,0.06384754,0.06719077,0.07496703,0.09106314
ID114,smape,0.052513488,0.04544664,0.06154332,0.01980711,0.034641583,0.044203095,0.03158752,0.044639193,0.032646004,0.03697747,0.04820162,0.048103973,0.092621416
ID115,smape,0.02566676,0.027655784,0.012796827,0.030324817,0.032374516,0.028212965,0.024913922,0.029476898,0.0320926,0.030464511,0.025269289,0.026542746,0.031229775
ID116,smape,0.0021081774,0.00092581264,0.0013520976,0.0009991052,0.0010160888,0.0019872151,0.00088637933,0.0025078547,0.0022035884,0.0016335773,0.0033576838,0.003248983,0.027297128
ID117,smape,0.005086269,0.0055508837,0.0054816375,0.005931083,0.0058291377,0.0049908254,0.0056583937,0.004946469,0.005229269,0.0056685256,0.005249164,0.005136079,0.025651325
ID118,smape,0.004371428,0.0034888482,0.0030363866,0.0026187794,0.0043062894,0.003902201,0.0032634945,0.004861168,0.0048727505,0.0042625046,0.004854538,0.0050804187,0.02690771
ID119,smape,0.015097114,0.013057057,0.012863511,0.017656773,0.013237843,0.01423906,0.013756399,0.015316872,0.015368711,0.014936018,0.01635722,0.01645665,0.036951285
ID12,smape,0.0030439638,0.0031504,0.0035168736,0.0029973201,0.003453149,0.0030207315,0.0031369796,0.0035815437,0.0036043415,0.003684186,0.0029252192,0.0029526134,0.008152089
ID120,smape,0.0065500047,0.0044862432,0.0014866502,0.0061284127,0.003235596,0.0057448745,0.0042238454,0.0070540523,0.0055429805,0.0033625145,0.0081523415,0.0074567683,0.06325111
ID121,smape,0.009531538,0.009530669,0.0095131695,0.009912075,0.010431913,0.009409141,0.0099610295,0.00917403,0.009515102,0.01004314,0.009302948,0.00941352,0.009761629
ID122,smape,0.009458266,0.009939067,0.010936043,0.008667076,0.010692562,0.009510834,0.0098645585,0.009504873,0.009237567,0.009313125,0.008579574,0.008786227,0.028697021
ID123,smape,0.012053272,0.010441367,0.009094025,0.005185663,0.009140341,0.011413913,0.010116892,0.012368506,0.011763192,0.010562923,0.013199763,0.013198191,0.041628893
ID124,smape,0.017314594,0.015293434,0.016182024,0.010576878,0.017085047,0.0151927285,0.013381336,0.014712878,0.014212454,0.01568432,0.014051503,0.016553413,0.025256462
ID125,smape,0.017551277,0.022454027,0.015506155,0.025553938,0.010490265,0.02357835,0.020368345,0.020598952,0.012986628,0.019609306,0.020801831,0.019733988,0.0057345387
ID126,smape,0.029245451,0.030193465,0.03544287,0.02879569,0.029615726,0.027479425,0.02957552,0.028289717,0.029395627,0.02806195,0.029755477,0.029758397,0.04933955
ID127,smape,0.005906705,0.0067571625,0.0061046877,0.0044731833,0.004833394,0.0059670955,0.0065332493,0.005183881,0.004985495,0.0055836504,0.0051444997,0.0050714444,0.033285584
ID128,smape,0.0007505325,0.0020443103,0.0015179893,0.0054845354,0.002838244,0.0008012828,0.0018877777,0.00076309324,0.0012997075,0.0022828241,0.0015963641,0.0017698078,0.04991401
ID129,smape,0.008021042,0.0045580673,0.006744205,0.004643232,0.0051300307,0.007866885,0.004690419,0.009438484,0.009056854,0.007012786,0.011307579,0.0115634445,0.101796746
ID13,smape,0.032667078,0.034030117,0.03129441,0.03481129,0.032364033,0.03496042,0.03334546,0.03608163,0.035550535,0.03535992,0.033006664,0.034436353,0.04483328
ID130,smape,0.004139704,0.0053366544,0.0045462004,0.004768669,0.0044107176,0.0038070225,0.005236842,0.0034572098,0.004520171,0.0055927476,0.004445696,0.00414386,0.06615961
ID131,smape,0.00044557045,0.0012484479,0.00032711448,0.00042397113,0.0007850195,0.00058714475,0.0012087256,9.8910285e-05,0.0003220394,0.0006661414,0.00028210357,0.0002102315,0.01961017
ID132,smape,0.0034421962,0.0034464078,0.0026907749,0.0025587548,0.002764624,0.003630038,0.0030307758,0.003937328,0.0035176296,0.003297591,0.003727561,0.0032209186,0.025321888
ID133,smape,0.009647504,0.009607205,0.011768276,0.0072504734,0.0075651943,0.009666979,0.009455467,0.008968851,0.007674835,0.0076432056,0.009384088,0.008958676,0.020475017
ID134,smape,0.15356158,0.14285779,0.124875516,0.1146708,0.12645634,0.14809754,0.14084227,0.15597668,0.14921917,0.13918553,0.16235046,0.15959439,0.49095732
ID135,smape,0.0016477287,0.007044565,0.00932692,0.020976447,0.0058988347,0.009535134,0.014521914,0.009115908,0.0137837855,0.020388596,0.00989798,0.009076664,0.034888104
ID136,smape,0.016620021,0.017160816,0.011915697,0.015704423,0.012912096,0.0166668,0.010823046,0.0152861755,0.01577983,0.012124717,0.01583627,0.015141996,0.010413412
ID137,smape,0.024953857,0.022220775,0.015449553,0.010435819,0.020899978,0.023872465,0.023719879,0.026178721,0.024536481,0.021055017,0.02548724,0.028040018,0.03155841
ID138,smape,0.0121297985,0.0137263015,0.012867542,0.012905556,0.011870159,0.011539869,0.013731383,0.010861406,0.01258367,0.014156707,0.012525178,0.012055385,0.09552927
ID139,smape,0.060349844,0.0601556,0.060881004,0.057570647,0.05802584,0.06193693,0.064980805,0.059296735,0.063813284,0.059063748,0.06167242,0.062032215,0.055762593
ID14,smape,0.031413022,0.030346174,0.03228892,0.032900814,0.03167228,0.028116511,0.02890254,0.031619895,0.03245116,0.030801523,0.029166711,0.030912973,0.016997293
ID140,smape,0.08610162,0.09742157,0.10249908,0.11101632,0.09681876,0.10190824,0.11346329,0.10340034,0.110709816,0.108996935,0.10517922,0.103153355,0.017534524
ID141,smape,0.0526038,0.054209813,0.048596427,0.05937781,0.048390355,0.058185704,0.060299233,0.054870866,0.058645222,0.060769483,0.058764078,0.059526682,0.025816295
ID142,smape,0.0038696337,0.002800621,0.00639268,0.0016517858,0.0039879624,0.0032108882,0.002855117,0.0036082822,0.003544245,0.002813702,0.0030384297,0.0028055222,0.012078978
ID143,smape,0.023070216,0.021068694,0.01978707,0.025912862,0.02086674,0.022213569,0.0217495,0.023293013,0.023484169,0.023090951,0.024560617,0.024538428,0.036823444
ID144,smape,0.056944374,0.05248707,0.05034946,0.044659503,0.048303284,0.05550099,0.05243913,0.057579953,0.057484604,0.0534999,0.059924275,0.060619332,0.0455164
ID145,smape,0.004847915,0.0044596465,0.0039995564,0.004416641,0.004510834,0.0049431575,0.004191056,0.0041904575,0.003834112,0.0037115086,0.004791482,0.0047788643,0.008818438
ID146,smape,0.016424265,0.016965052,0.011719929,0.01550866,0.012716316,0.016471028,0.010627258,0.015090402,0.015584066,0.011928936,0.015640505,0.014946223,0.01021759
ID147,smape,0.008980075,0.008289815,0.01044872,0.008503936,0.008788064,0.008030662,0.0088537,0.008563038,0.009206534,0.008609304,0.00854872,0.008779024,0.0122858565
ID148,smape,0.0022510472,0.0017532671,0.004390927,0.0023392388,0.002413116,0.0012593132,0.003033528,0.0014806181,0.0019394516,0.0030913898,0.0016580643,0.0016956868,0.0035627964
ID149,smape,0.0030650757,0.003985945,0.0044869073,0.0036820592,0.003499616,0.0044886176,0.0056650685,0.0047551612,0.005056674,0.004227865,0.0048285993,0.004357561,0.003876799
ID15,smape,0.1262128,0.118367545,0.12209563,0.105255865,0.119054765,0.12448197,0.11831498,0.12567756,0.12897517,0.116026685,0.13109599,0.13313021,0.18607293
ID150,smape,0.0028727704,0.0022487517,0.005573419,0.0033319164,0.004396549,0.0018374136,0.005086012,0.002499064,0.0030899653,0.0039070677,0.002721722,0.0027576585,0.0039716954
ID151,smape,0.005024254,0.0046903044,0.0065621585,0.005153288,0.0050887717,0.0046113087,0.00519551,0.0047891038,0.0050971545,0.004983274,0.0049544275,0.0050067212,0.0037054815
ID152,smape,0.03051059,0.029208578,0.029295947,0.028258884,0.03230794,0.027769927,0.02923944,0.028003013,0.03106776,0.030394606,0.0299479,0.030089755,0.033468068
ID153,smape,0.02083769,0.03704694,0.013645565,0.09369378,0.057351574,0.041413795,0.050106645,0.035402615,0.038566045,0.046460304,0.027471311,0.028034315,0.07873299
ID154,smape,0.010109098,0.016044712,0.015849093,0.02626988,0.015288426,0.017219113,0.024505924,0.017907059,0.022925962,0.024508536,0.019774985,0.019068833,0.025241546
ID155,smape,0.021716328,0.024527509,0.016831212,0.028034547,0.016359776,0.020442426,0.020579128,0.017700857,0.022585496,0.018468952,0.021919198,0.021732599,0.017585896
ID156,smape,0.029245451,0.030193465,0.03544287,0.02879569,0.029615726,0.027479425,0.02957552,0.028289717,0.029395627,0.02806195,0.029755477,0.029758397,0.04933955
ID157,smape,0.04318943,0.03861238,0.03609463,0.023560386,0.033905853,0.043015894,0.03873747,0.04500318,0.04360339,0.038532004,0.045694165,0.047028378,0.07460907
ID158,smape,0.0340831,0.031009521,0.029227275,0.02268738,0.028250108,0.033444077,0.031307533,0.034866095,0.034593694,0.031137753,0.035766765,0.036300987,0.03185969
ID159,smape,0.0015062346,0.00054948335,0.0006959902,0.004880184,0.0020658353,0.0013820636,0.0006096304,0.002235636,0.0015122327,0.00018053605,0.0030871653,0.003187912,0.05004563
ID16,smape,0.097674996,0.09822811,0.10661263,0.07992253,0.089469254,0.09463662,0.0891737,0.096558094,0.084162496,0.08921641,0.09844671,0.09685475,0.13466498
ID160,smape,0.028156048,0.025793504,0.019751191,0.015453158,0.024767943,0.026966728,0.027431808,0.028779998,0.027551629,0.024974115,0.028652703,0.031075578,0.021232331
ID161,smape,0.020447934,0.017316367,0.016322454,0.012108266,0.014348874,0.01956914,0.017243842,0.020915765,0.020637034,0.01822571,0.022640448,0.022970207,0.049964532
ID162,smape,0.03787313,0.04895886,0.050673306,0.06459808,0.048237126,0.052398458,0.06321125,0.052769426,0.060240578,0.062474992,0.05525568,0.053308193,0.021234803
ID163,smape,0.053259656,0.060911946,0.06381324,0.07619819,0.05973384,0.063115306,0.076227866,0.065874696,0.074434675,0.07276166,0.068591855,0.0676805,0.012472858
ID164,smape,0.20762686,0.19361727,0.19706231,0.18916035,0.18447505,0.1850366,0.17380427,0.1955365,0.18835004,0.16991867,0.19805399,0.2026857,0.21347962
ID165,smape,0.019476647,0.01636108,0.013895285,0.012441609,0.016853299,0.017085608,0.01713216,0.015535173,0.0150699075,0.012439353,0.016655806,0.016803281,0.025524862
ID166,smape,0.108307675,0.10703774,0.107503,0.11139664,0.10041303,0.11005563,0.1078696,0.108371295,0.10456675,0.10546461,0.10737639,0.10924606,0.107464366
ID167,smape,0.066602625,0.069158316,0.066332735,0.06434176,0.06671145,0.06705292,0.06876154,0.06525736,0.0655027,0.06672673,0.06425886,0.064529486,0.13343571
ID168,smape,0.0011755892,0.00090919004,0.0009752369,0.0020313754,0.0018986617,0.0011529454,0.0009612313,0.0015253371,0.0016343319,0.0013999036,0.0014209364,0.0014495892,0.00893911
ID17,smape,0.066663556,0.063297555,0.06594114,0.069218665,0.06910598,0.06624716,0.06388272,0.06897674,0.069555156,0.067434065,0.06962053,0.07013998,0.050800253
ID173,smape,0.018852875,0.018169632,0.018836176,0.022400029,0.018113535,0.017792797,0.018010313,0.017509852,0.019076295,0.022621693,0.018371588,0.01812151,0.019087933
ID174,smape,0.009068142,0.010427745,0.014471386,0.010442428,0.009260683,0.009070755,0.009853609,0.008669437,0.009679582,0.010324699,0.009357617,0.009145608,0.06427311
ID175,smape,0.07759393,0.07420203,0.07892306,0.06256616,0.07000856,0.07288135,0.068090945,0.07333268,0.06945969,0.07141197,0.0747741,0.07500508,0.088513516
ID176,smape,0.1971494,0.18441315,0.18595587,0.1812702,0.1651554,0.17043862,0.15339915,0.18542048,0.17654379,0.14978428,0.1890666,0.19328238,0.21189457
ID177,smape,0.018865354,0.021422671,0.020677872,0.021952998,0.022189476,0.019249488,0.01990342,0.02042029,0.02054822,0.021135213,0.020096013,0.022397231,0.052464932
ID178,smape,0.0006142843,0.0011608122,0.0012137779,0.0016843497,0.0019810477,0.0018763607,0.0030440905,0.00089099375,0.0016832786,0.0034697517,0.00062714814,0.0005074926,0.0010217265
ID179,smape,0.0047402363,0.008412067,0.0069944276,0.0044017117,0.0055124834,0.007661677,0.01335699,0.006775589,0.014414855,0.0025190618,0.012025539,0.014165555,0.047322053
ID18,smape,0.15352587,0.14592253,0.14849876,0.14792305,0.14738847,0.1502261,0.1428819,0.14583863,0.14353432,0.14237311,0.14472915,0.14754884,0.19647412
ID180,smape,0.0016031426,0.0036030987,0.010095852,0.007824543,0.038341448,0.013037466,0.009468703,0.0070565892,0.013789931,0.009762296,0.0031914643,0.0033282463,0.086980164
ID181,smape,0.08696788,0.09204984,0.13301699,0.15222225,0.100599065,0.0901094,0.08498738,0.103933655,0.09540453,0.1018298,0.08418098,0.085633315,0.4149733
ID182,smape,0.0007289797,0.00063149875,0.0037389623,0.0040634954,0.008670309,0.0015316787,0.002767824,0.0029872493,0.00175074,0.0009124993,0.0023024217,0.0025266958,0.031680264
ID183,smape,0.0030015372,0.0043484606,0.0057705273,0.0069211065,0.0012112526,0.0026607418,0.0032997201,0.0051458175,0.0023036504,0.0015256348,0.0048363386,0.004328008,0.022522958
ID184,smape,0.020789813,0.036850303,0.021411467,0.072125316,0.008115217,0.04876651,0.042368032,0.022275241,0.024215195,0.021695456,0.041319363,0.053225033,0.31542766
ID185,smape,0.14818497,0.1354572,0.16326775,0.19073258,0.14339545,0.17354278,0.13962363,0.1767867,0.17491315,0.14008033,0.153215,0.15147972,0.2246033
ID186,smape,0.0016595477,0.0019118573,0.0019123204,0.0021005757,0.0018785689,0.0020447196,0.0019376808,0.0017957321,0.001886466,0.001920817,0.001682305,0.0017522341,0.0027472684
ID187,smape,0.13471423,0.1479694,0.17925428,0.07912228,0.12638912,0.18688925,0.21541265,0.1341257,0.19150122,0.13667363,0.1676614,0.19990784,0.14163226
ID188,smape,0.23327917,0.24702421,0.19490772,0.31664377,0.27623641,0.2517429,0.2598945,0.24594808,0.24651548,0.26332024,0.23973447,0.23607537,0.07137906
ID189,smape,0.005894363,0.0050209207,0.008380584,0.0050155157,0.0057548005,0.004361903,0.0057914946,0.0052322363,0.006084214,0.0052592494,0.0052634776,0.005485637,0.012443665
ID19,smape,0.046443474,0.04520941,0.053983405,0.042312227,0.04762114,0.0481769,0.042665143,0.049268425,0.046291485,0.045384075,0.046745855,0.047248386,0.2042248
ID192,smape,0.05236901,0.046529666,0.04766624,0.044239566,0.039646722,0.046326034,0.05429028,0.05066711,0.050824054,0.043204173,0.05053114,0.048935894,0.016666668
ID193,smape,0.12805437,0.1302517,0.11808342,0.106500804,0.11939681,0.13832586,0.13473158,0.13138774,0.122606896,0.117465466,0.12899026,0.14176798,0.06404255
ID194,smape,0.008312445,0.007829315,0.012788538,0.0022452064,0.00508175,0.0074047404,0.008158862,0.0076012034,0.0075186146,0.005331236,0.0070918226,0.007964332,0.026682183
ID195,smape,0.0097511895,0.009419525,0.008750439,0.0077258903,0.00950457,0.009413537,0.008976363,0.009806015,0.008995166,0.0075264135,0.009197436,0.009632453,0.008182459
ID196,smape,0.074671805,0.11731452,0.16428226,0.19081682,0.15893713,0.18484478,0.17275612,0.15024164,0.166659,0.16204694,0.10657699,0.10001579,0.081487894
ID197,smape,0.0029774285,0.0036213228,0.003364299,0.0035672486,0.0030508235,0.002652151,0.0038360166,0.0024712519,0.0030868626,0.0038525718,0.003262828,0.0029445156,0.043783337
ID198,smape,0.008100123,0.008532789,0.009067887,0.009596402,0.008607011,0.008306732,0.008042864,0.008041761,0.0080359,0.008324525,0.007825427,0.007556674,0.014865914
ID199,smape,0.18223575,0.17786466,0.16931108,0.14676169,0.16187605,0.1860004,0.18617167,0.18206686,0.18339857,0.14230163,0.17513597,0.18586874,0.16286668
ID2,smape,0.066804625,0.0656967,0.055735014,0.08772692,0.04756279,0.087417334,0.063540794,0.07312663,0.057409488,0.07151024,0.064876296,0.067204565,0.05253283
ID20,smape,0.048952814,0.04727433,0.047536276,0.04701727,0.045555666,0.045886986,0.044291914,0.047357816,0.046488903,0.044092134,0.047678955,0.048375905,0.049862362
ID200,smape,0.11210481,0.122733675,0.14106333,0.17064199,0.12866844,0.115407944,0.11964674,0.10694137,0.10923901,0.12937394,0.10818802,0.10098705,0.37989634
ID201,smape,0.010257686,0.009289851,0.008781364,0.005894884,0.008196533,0.010283651,0.009272708,0.010710616,0.010240072,0.009251155,0.010835282,0.011134972,0.014407545
ID202,smape,0.057027556,0.058482535,0.08295596,0.012242114,0.03751236,0.055061102,0.043516856,0.055188417,0.038500696,0.03629977,0.05649529,0.053398114,0.15511142
ID21,smape,0.007957333,0.00946963,0.011389416,0.031194406,0.009769093,0.020840961,0.013835432,0.010763984,0.010890191,0.010446105,0.0069833305,0.0070201615,0.016766468
ID22,smape,0.063373975,0.056678034,0.05710769,0.046268687,0.05066333,0.062419787,0.056380205,0.06520216,0.06381275,0.059947167,0.06995623,0.06963709,0.12519497
ID23,smape,0.10734325,0.09280737,0.10313917,0.12906739,0.07281885,0.109213196,0.09092978,0.11627089,0.12029381,0.08168238,0.11086732,0.10683182,0.17594722
ID24,smape,0.110255994,0.10795875,0.12123938,0.11364856,0.07982748,0.10881103,0.11757971,0.12325138,0.118970595,0.104057655,0.12592068,0.117182925,0.21669248
ID25,smape,0.110255994,0.10795875,0.12123938,0.11364856,0.07982748,0.10881103,0.11757971,0.12325138,0.118970595,0.104057655,0.12592068,0.117182925,0.21669248
ID26,smape,0.078149244,0.07011568,0.06399699,0.0594028,0.06564052,0.060192693,0.06130229,0.059506744,0.066422775,0.06504586,0.076965764,0.078598395,0.12899354
ID28,smape,0.23189665,0.25535232,0.25396135,0.22843112,0.22939228,0.25946084,0.24757376,0.2625801,0.28084457,0.24123268,0.26748312,0.24636365,0.3000666
ID29,smape,0.21796618,0.21832147,0.19549291,0.2343218,0.22810917,0.22304358,0.21585865,0.22816946,0.2257826,0.22728328,0.22445989,0.22048584,0.11394082
ID3,smape,0.0846554,0.07927488,0.068553194,0.05991883,0.083204776,0.08031556,0.07503051,0.08650419,0.07539914,0.054653168,0.076057784,0.08488077,0.057489894
ID30,smape,0.13497373,0.13641325,0.1320628,0.13125835,0.13327654,0.13747883,0.13646495,0.13674021,0.1360698,0.13201448,0.13656242,0.1389898,0.110341765
ID31,smape,0.06923819,0.06638369,0.0690901,0.061116055,0.069680765,0.063792095,0.06512344,0.06195845,0.061023153,0.061729543,0.06822595,0.06366876,0.11733618
ID32,smape,0.1408181,0.14972377,0.14132184,0.17343499,0.16363421,0.15275313,0.15423086,0.15019114,0.16383423,0.17940865,0.1493378,0.1505697,0.11249712
ID33,smape,0.026034739,0.025887564,0.028494649,0.024976477,0.022550305,0.029881857,0.024824493,0.029718705,0.028158482,0.023052614,0.027717944,0.028151048,0.041828297
ID34,smape,0.18065876,0.17384669,0.26380098,0.16451955,0.054808047,0.15211599,0.20348446,0.20788501,0.1765192,0.10481575,0.15310514,0.20933612,0.34837162
ID35,smape,0.017412674,0.0155087,0.023493242,0.012881657,0.012327745,0.0145630445,0.017254766,0.014570286,0.012671781,0.013966797,0.016760264,0.01589228,0.046915166
ID36,smape,0.062281042,0.063207075,0.040521484,0.1088225,0.07821636,0.071472265,0.08480564,0.06795497,0.09650073,0.088217504,0.0657343,0.07007468,0.057312768
ID37,smape,0.29858822,0.2948376,0.27059802,0.22206652,0.29269743,0.30671534,0.30662197,0.31248558,0.30890405,0.22608493,0.29276556,0.3236543,0.2307188
ID38,smape,0.062718436,0.06081102,0.07492225,0.0872605,0.070583045,0.05162422,0.054435182,0.06636589,0.06350232,0.074117795,0.061437503,0.051057577,0.118368536
ID39,smape,0.110691264,0.10090564,0.10076931,0.06697638,0.06980997,0.099721804,0.10341442,0.09380345,0.08739571,0.07455018,0.10028836,0.10237661,0.11455327
ID4,smape,0.036181763,0.033830486,0.035260756,0.034815863,0.03593016,0.036972605,0.033906907,0.03769951,0.03543055,0.033191927,0.035473563,0.03615555,0.13609739
ID40,smape,0.16509306,0.15632257,0.20037068,0.15300807,0.15183598,0.16384056,0.16802442,0.15833308,0.15943497,0.15300328,0.16546607,0.16083953,0.33433178
ID41,smape,0.11437601,0.14432669,0.17168924,0.1985308,0.025845023,0.10789828,0.110887,0.15912998,0.100315556,0.06645776,0.15847427,0.14153433,0.41590333
ID42,smape,0.033358246,0.03918499,0.041613013,0.0462052,0.036717746,0.042830683,0.048851613,0.043156654,0.045215238,0.04754315,0.044382215,0.041298084,0.014119599
ID43,smape,0.004755738,0.010270392,0.011789728,0.026064232,0.0089591555,0.014466294,0.018757416,0.0126940105,0.01782836,0.024402179,0.014946802,0.013893859,0.04795458
ID44,smape,0.042089406,0.04272628,0.033690013,0.044710755,0.04367539,0.047335964,0.04412709,0.044625897,0.04294884,0.045865558,0.0442125,0.043168675,0.024827123
ID45,smape,0.0070407586,0.0062372326,0.0041282745,0.0027527986,0.005329091,0.0060199196,0.0056641493,0.007343648,0.0069975397,0.00608505,0.0077831484,0.006961457,0.025862044
ID46,smape,0.075556524,0.07824352,0.057437077,0.082377315,0.07073972,0.0741231,0.07547358,0.07166414,0.076614946,0.074064255,0.07594277,0.0759442,0.036308713
ID47,smape,0.036801048,0.045310885,0.049508803,0.054248616,0.04463788,0.04906713,0.057226475,0.05002694,0.055179875,0.053720906,0.051071994,0.04955908,0.015396977
ID48,smape,0.022365183,0.024890117,0.008940808,0.02825348,0.029294923,0.02736679,0.020748977,0.026196934,0.028142441,0.028165042,0.021644149,0.022415083,0.033888888
ID49,smape,0.049826033,0.06270472,0.06719506,0.08946943,0.060356278,0.062153123,0.077585496,0.06568636,0.07604127,0.0884331,0.06413136,0.06121234,0.049605906
ID5,smape,0.046442296,0.04520701,0.053980842,0.04231133,0.04761909,0.048174843,0.042665105,0.04926646,0.046289533,0.045381874,0.046744656,0.04724719,0.2042148
ID50,smape,0.018497517,0.018423356,0.019772641,0.018912062,0.017780732,0.018711593,0.018943254,0.01758024,0.017404284,0.017916381,0.018012373,0.018059038,0.036059935
ID51,smape,0.08210026,0.088138744,0.07156881,0.095676675,0.089743495,0.090826765,0.092217945,0.08917816,0.08407503,0.09301003,0.0868883,0.09308846,0.054232806
ID52,smape,0.06450118,0.056995668,0.07772011,0.051428,0.051492643,0.054758362,0.055803146,0.055016376,0.05514797,0.05029454,0.060741328,0.057670347,0.14214048
ID53,smape,0.017219413,0.005927687,0.037985437,0.009299417,0.015112398,0.0024193032,0.013962963,0.010568219,0.01725065,0.010816477,0.007918065,0.01137213,0.073479325
ID54,smape,0.03134781,0.020770984,0.046081726,0.021953065,0.030322574,0.021355145,0.027849756,0.027466932,0.029783875,0.02832345,0.023527063,0.026847888,0.06481078
ID55,smape,0.17747556,0.17930935,0.17463468,0.18434617,0.17687732,0.18135102,0.1816817,0.1784659,0.18069026,0.1829784,0.18138272,0.18098432,0.13762201
ID56,smape,0.029575126,0.025338123,0.02056075,0.034275167,0.031029804,0.017383397,0.034069445,0.02169972,0.021917772,0.032763593,0.022098241,0.022871222,0.01992361
ID57,smape,0.097675234,0.098228134,0.10661256,0.07992287,0.089469284,0.09463668,0.0891738,0.096558094,0.08416263,0.08921653,0.09844668,0.096854836,0.13466424
ID58,smape,0.039975405,0.034097396,0.021969946,0.026785783,0.01909256,0.023539495,0.021050297,0.032275684,0.016723521,0.018590065,0.032332305,0.029463269,0.033905905
ID59,smape,0.007957333,0.00946963,0.011389416,0.031194406,0.009769093,0.020840961,0.013835432,0.010763984,0.010890191,0.010446105,0.0069833305,0.0070201615,0.016766468
ID60,smape,0.09716433,0.0967109,0.10276211,0.090390265,0.09347144,0.09614632,0.0974819,0.09605996,0.09587466,0.09356144,0.095669426,0.096684314,0.12077862
ID61,smape,0.018226627,0.018385869,0.016095288,0.019269003,0.018943556,0.018762954,0.01818904,0.018954482,0.018813355,0.01902077,0.018787656,0.01836707,0.013082275
ID62,smape,0.018583655,0.01879337,0.016070997,0.015054661,0.04213681,0.025927858,0.0128628155,0.014253084,0.02671432,0.02578388,0.019464519,0.015732877,0.04589615
ID63,smape,0.01509714,0.01691466,0.015359541,0.015805803,0.015868112,0.01763041,0.019486923,0.017627519,0.020180777,0.018065035,0.017783266,0.017058846,0.0028410994
ID64,smape,0.019673958,0.018978437,0.016778778,0.015073256,0.01812117,0.019579468,0.019017955,0.019838164,0.019244928,0.018251816,0.02031418,0.020091344,0.016463414
ID7,smape,0.07894123,0.071249865,0.065284565,0.06411713,0.06808585,0.063742414,0.06597646,0.068329334,0.06459074,0.06543873,0.07337699,0.07564534,0.095234334
ID71,smape,0.0039547393,0.004869424,0.005395852,0.0058236867,0.005703438,0.0042429455,0.0048837974,0.0038537583,0.0037781172,0.004580253,0.0032470713,0.0030089964,0.02446689
ID77,smape,0.0015738849,0.00017165812,0.0008056022,0.0018847528,0.0013931436,0.0012786584,0.00044105292,0.0018380429,0.0016192985,0.0007237417,0.0029332787,0.0029795796,0.03404173
ID78,smape,0.0028836431,0.002588221,0.0050855735,0.0029947683,0.003500767,0.002439268,0.0025599636,0.0027137976,0.0030964068,0.0024260662,0.0028086675,0.0029223796,0.0039619
ID79,smape,0.0034174123,0.005052808,0.0047629005,0.007837793,0.006342013,0.0035806273,0.0050964835,0.0028486245,0.0032837403,0.004275071,0.0024152938,0.002152214,0.04380211
ID8,smape,0.056849886,0.036025286,0.075864986,0.05329276,0.056851692,0.06796467,0.06832838,0.07436343,0.09695333,0.052120596,0.06421446,0.057281703,0.108997725
ID80,smape,0.0017037329,0.0029275164,0.002202964,0.0019652392,0.0012476052,0.001802244,0.0026344368,0.00083926576,0.0015165547,0.0022799328,0.0017170621,0.0013910499,0.045166597
ID81,smape,0.011633702,0.012637769,0.0139708305,0.012300248,0.014712969,0.013626186,0.011218703,0.012406778,0.010619184,0.013110298,0.011705432,0.011442881,0.026190829
ID82,smape,0.015815957,0.016807115,0.02100208,0.012342772,0.01767916,0.015827395,0.015947277,0.01509801,0.014801983,0.014515356,0.013455969,0.0142292995,0.078780964
ID83,smape,0.024655692,0.023652341,0.036121733,0.019640043,0.023464046,0.022808984,0.022801016,0.023009174,0.022717787,0.020023115,0.020058502,0.022185786,0.09907778
ID84,smape,0.015763659,0.012408341,0.02465158,0.015478434,0.011410376,0.013524888,0.011921277,0.010517279,0.012759237,0.013512496,0.012344211,0.013137099,0.054248367
ID85,smape,0.094568744,0.09491709,0.08553204,0.10122007,0.091734886,0.09714293,0.09650613,0.09462631,0.09696857,0.098577544,0.10060847,0.09815669,0.027964238
ID86,smape,0.1722191,0.16526905,0.19662616,0.15778622,0.15622352,0.16052988,0.17062825,0.16241646,0.16086982,0.15714157,0.16954462,0.16997002,0.28992194
ID87,smape,0.008395937,0.0076619135,0.0066455333,0.010278129,0.00829793,0.008225841,0.008032721,0.008979335,0.008863257,0.008727254,0.009139793,0.009004854,0.019685667
ID88,smape,0.022510884,0.029715283,0.031436484,0.04549448,0.029203188,0.034368258,0.04095857,0.032345228,0.03725285,0.042675275,0.034328904,0.033104252,0.03068309
ID89,smape,0.031459995,0.035757273,0.03674465,0.03339827,0.05135525,0.040393792,0.04620409,0.035609946,0.040158164,0.05312845,0.033443917,0.032981247,0.020225631
ID9,smape,0.06601213,0.06079589,0.04416713,0.041860662,0.053748805,0.06526692,0.061793428,0.06831933,0.063440874,0.05504591,0.068398364,0.07172546,0.11483084
ID90,smape,0.017127937,0.015855378,0.016953822,0.016292779,0.01603853,0.017251726,0.016645307,0.017012304,0.016266823,0.015787631,0.016604194,0.016808188,0.05665454
ID99,smape,0.030747307,0.031564236,0.027457919,0.02396321,0.029493961,0.03264617,0.032086346,0.030900547,0.030231977,0.02813226,0.032522973,0.03334444,0.024575673
